total_bytes,total_packets,flow_duration,bytes_per_second,packets_per_second,avg_packet_size,std_packet_size,packet_size_variance,avg_inter_arrival_time,protocol_type,protocol_diversity,unique_dst_ports,unique_src_ports,is_encrypted,tcp_flag_ratio,payload_entropy,bidirectional_ratio,time_of_day,connection_rate,failed_connection_ratio,port_scan_indicator
2884,4,0.0,2884000.0,5502.1,909.2,652.3,425544.3,0.0002,OTHER,1,1,1,0,0.0,6.0,0.5,evening,550.21,0.0,0
630,4,0.0,630000.0,4184.1,1261.5,633.7,401594.7,0.0003,OTHER,1,1,1,0,0.0,6.0,0.5,night,418.41,0.0,0
630,4,0.0,625000.0,3968.3,1261.5,633.7,401594.7,0.0003,OTHER,1,1,1,0,0.0,6.0,0.5,morning,396.83,0.0,0
2884,4,0.0,2884000.0,6153.8,910.0,651.8,424830.0,0.0002,OTHER,1,1,1,0,0.0,6.0,0.5,morning,615.38,0.0,0
578,4,0.0,578000.0,4111.0,1248.5,648.0,419846.7,0.0003,OTHER,1,1,1,0,0.0,6.0,0.5,evening,411.1,0.0,0
110284,85,0.2,541420.0,417.3,1308.3,1254.1,1572782.7,0.0024,TCP,1,1,1,1,0.0,6.0,0.68,night,41.73,0.0,0
87401,91,0.17,521392.4,542.9,973.5,1031.7,1064450.1,0.0019,TCP,1,1,1,1,0.0,6.0,0.57,evening,54.29,0.0,0
2884,11,0.0,2624203.8,10009.1,523.5,705.5,497665.8,0.0001,OTHER,1,1,1,0,0.0,6.0,0.36,evening,1000.91,0.0,0
2065,4,0.0,2065000.0,173913.0,516.2,637.3,406137.0,0.0,OTHER,1,1,1,0,1.0,6.0,0.75,night,17391.3,0.0,0
693080,465,0.24,2897673.3,1944.1,1492.3,1148.0,1317978.1,0.0005,TCP,1,1,1,1,0.0,6.0,0.74,morning,194.41,0.0,0
76713,82,0.15,518474.7,554.2,949.9,1077.7,1161501.1,0.0018,TCP,1,1,1,1,0.0,6.0,0.55,evening,55.42,0.0,0
578,4,0.0,578000.0,4175.4,1248.5,648.0,419846.7,0.0003,OTHER,1,1,1,0,0.0,6.0,0.5,night,417.54,0.0,0
86554,98,0.15,582365.0,659.4,892.1,818.7,670202.0,0.0015,TCP,1,1,1,1,0.0,6.0,0.61,morning,65.94,0.0,0
630,4,0.0,630000.0,4036.3,1261.5,633.7,401594.7,0.0003,OTHER,1,1,1,0,0.0,6.0,0.5,afternoon,403.63,0.0,0
181656,156,0.31,592475.7,508.8,1174.2,1157.3,1339449.7,0.002,TCP,1,1,1,1,0.0,6.0,0.6,afternoon,50.88,0.0,0
2668,4,0.0,2668000.0,6633.5,844.0,601.4,361681.2,0.0002,OTHER,1,1,1,0,0.0,6.0,0.5,morning,663.35,0.0,0
2820,4,0.0,2820000.0,5479.5,891.0,636.5,405073.2,0.0002,OTHER,1,1,1,0,0.0,6.0,0.5,night,547.95,0.0,0
1010943,644,0.85,1185695.6,755.3,1570.5,1226.5,1504284.8,0.0013,TCP,1,1,1,0,0.0,6.0,0.71,evening,75.53,0.0,0
192869,161,0.17,1112707.9,928.8,1207.5,1243.7,1546848.3,0.0011,TCP,1,1,1,1,0.0,6.0,0.58,morning,92.88,0.0,0
2836,11,0.0,2121166.8,8227.4,513.6,692.2,479105.1,0.0001,OTHER,1,1,1,0,0.0,6.0,0.36,afternoon,822.74,0.0,0
2820,4,0.0,2820000.0,5563.3,891.0,636.5,405073.2,0.0002,OTHER,1,1,1,0,0.0,6.0,0.5,night,556.33,0.0,0
630,4,0.0,630000.0,4192.9,1261.5,633.7,401594.7,0.0003,OTHER,1,1,1,0,0.0,6.0,0.5,evening,419.29,0.0,0
86554,101,0.17,508608.6,593.5,865.6,786.6,618674.5,0.0017,TCP,1,1,1,1,0.0,6.0,0.61,evening,59.35,0.0,0
2820,4,0.0,2820000.0,5772.0,891.0,636.5,405073.2,0.0002,OTHER,1,1,1,0,0.0,6.0,0.5,afternoon,577.2,0.0,0
46709,62,0.09,502825.8,667.4,773.9,803.1,645029.2,0.0015,TCP,1,1,1,1,0.0,6.0,0.56,night,66.74,0.0,0
2860,4,0.0,2860000.0,5788.7,902.5,646.3,417720.0,0.0002,OTHER,1,1,1,0,0.0,6.0,0.5,afternoon,578.87,0.0,0
233283,200,0.34,677947.2,581.2,1170.5,797.5,635987.5,0.0017,TCP,1,1,1,1,0.0,6.0,0.76,afternoon,58.12,0.0,0
630,4,0.0,630000.0,4184.1,1261.5,633.7,401594.7,0.0003,OTHER,1,1,1,0,0.0,6.0,0.5,morning,418.41,0.0,0
3426830,2377,0.61,5626479.8,3902.8,1442.4,1361.2,1852808.4,0.0003,TCP,1,1,1,1,0.0,6.0,0.64,afternoon,390.28,0.0,0
54639,54,0.1,527311.9,521.1,1020.1,1153.3,1330185.3,0.002,TCP,1,1,1,0,0.0,6.0,0.54,evening,52.11,0.0,0
110185,108,0.14,773244.3,757.9,1032.5,1148.0,1317921.7,0.0013,TCP,1,1,1,1,0.0,6.0,0.55,morning,75.79,0.0,0
103922,103,0.14,729774.0,723.3,1021.8,1113.9,1240847.4,0.0014,TCP,1,1,1,1,0.0,6.0,0.56,evening,72.33,0.0,0
2860,4,0.0,2860000.0,5865.1,902.5,646.3,417720.0,0.0002,OTHER,1,1,1,0,0.0,6.0,0.5,morning,586.51,0.0,0
630,4,0.0,630000.0,4153.7,1261.5,633.7,401594.7,0.0003,OTHER,1,1,1,0,0.0,6.0,0.5,night,415.37,0.0,0
130747,121,0.15,878682.0,813.2,1092.5,1135.5,1289393.5,0.0012,TCP,1,1,1,1,0.0,6.0,0.57,afternoon,81.32,0.0,0
110185,113,0.14,768605.6,788.2,986.9,1003.4,1006799.0,0.0013,TCP,1,1,1,1,0.0,6.0,0.58,evening,78.82,0.0,0
2884,4,0.0,2884000.0,5618.0,910.0,651.8,424830.0,0.0002,OTHER,1,1,1,0,0.0,6.0,0.5,afternoon,561.8,0.0,0
2796,4,0.0,2796000.0,5547.9,889.5,626.6,392620.8,0.0002,OTHER,1,1,1,0,0.0,6.0,0.5,afternoon,554.79,0.0,0
108751,113,0.14,760230.7,789.9,974.1,988.1,976368.5,0.0013,TCP,1,1,1,1,0.0,6.0,0.58,afternoon,78.99,0.0,0
578,4,0.0,578000.0,4004.0,1248.5,648.0,419846.7,0.0003,OTHER,1,1,1,0,0.0,6.0,0.5,evening,400.4,0.0,0
2718,4,0.0,2718000.0,4993.8,1728.0,21.4,456.3,0.0003,OTHER,1,1,1,0,0.0,6.0,0.5,afternoon,499.38,0.0,0
56772,74,0.11,527400.3,687.4,778.2,789.2,622874.9,0.0015,TCP,1,1,1,1,0.0,6.0,0.57,afternoon,68.74,0.0,0
2820,4,0.0,2820000.0,5376.3,891.0,636.5,405073.2,0.0002,OTHER,1,1,1,0,0.0,6.0,0.5,morning,537.63,0.0,0
242102,215,0.22,1098630.9,975.6,1132.4,1155.2,1334455.9,0.001,TCP,1,1,1,1,0.0,6.0,0.57,evening,97.56,0.0,0
165422,156,0.18,909391.8,857.6,1066.0,887.3,787384.1,0.0012,TCP,1,1,1,1,0.0,6.0,0.68,night,85.76,0.0,0
2884,4,0.0,2884000.0,5354.8,910.0,651.8,424830.0,0.0002,OTHER,1,1,1,0,0.0,6.0,0.5,morning,535.48,0.0,0
2884,4,0.0,2884000.0,5673.8,910.0,651.8,424830.0,0.0002,OTHER,1,1,1,0,0.0,6.0,0.5,night,567.38,0.0,0
98601,80,0.13,731510.3,593.5,1247.1,1208.0,1459365.4,0.0017,TCP,1,1,1,1,0.0,6.0,0.64,evening,59.35,0.0,0
2065,4,0.0,2065000.0,54794.5,516.2,637.3,406137.0,0.0,OTHER,1,1,1,0,1.0,6.0,0.75,afternoon,5479.45,0.0,0
504,3,0.0,504000.0,31578.9,1120.7,710.0,504112.3,0.0,TCP,1,1,1,1,0.5,6.0,0.33,morning,3157.89,0.0,0
104393,106,0.14,725450.1,736.6,997.3,1075.5,1156792.0,0.0014,TCP,1,1,1,1,0.0,6.0,0.55,night,73.66,0.0,0
96423,100,0.19,502514.6,521.2,972.9,1128.6,1273660.1,0.0019,TCP,1,1,1,1,0.0,6.0,0.54,evening,52.12,0.0,0
630,4,0.0,630000.0,4184.1,1261.5,633.7,401594.7,0.0003,OTHER,1,1,1,0,0.0,6.0,0.5,morning,418.41,0.0,0
578,4,0.0,578000.0,4232.8,1248.5,648.0,419846.7,0.0003,OTHER,1,1,1,0,0.0,6.0,0.5,night,423.28,0.0,0
108751,113,0.14,760321.0,790.0,974.2,988.2,976625.1,0.0013,TCP,1,1,1,1,0.0,6.0,0.58,night,79.0,0.0,0
110284,88,0.17,631012.8,503.5,1264.0,1208.4,1460182.4,0.002,TCP,1,1,1,1,0.0,6.0,0.65,night,50.35,0.0,0
104393,105,0.14,733060.9,737.3,1006.8,1094.6,1198249.0,0.0014,TCP,1,1,1,1,0.0,6.0,0.55,evening,73.73,0.0,0
2065,4,0.0,2065000.0,43010.8,516.2,637.3,406137.0,0.0,OTHER,1,1,1,0,1.0,6.0,0.75,afternoon,4301.08,0.0,0
2820,4,0.0,2820000.0,5555.6,891.0,636.5,405073.2,0.0002,OTHER,1,1,1,0,0.0,6.0,0.5,morning,555.56,0.0,0
2156418,2064,0.75,2871070.5,2748.0,1047.0,683.1,466584.9,0.0004,TCP,1,1,1,1,0.0,6.0,0.71,morning,274.8,0.0,0
147984,173,0.26,563512.4,658.8,860.1,716.1,512774.2,0.0015,TCP,1,1,1,1,0.0,6.0,0.63,night,65.88,0.0,0
165406,158,0.23,711815.5,679.9,1052.4,785.9,617634.0,0.0015,TCP,1,1,1,1,0.0,6.0,0.7,evening,67.99,0.0,0
54413,48,0.1,540965.4,477.2,1143.9,1208.0,1459271.8,0.0021,TCP,1,1,1,0,0.0,6.0,0.56,morning,47.72,0.0,0
48939,43,0.07,681354.9,598.7,1148.7,1209.6,1463151.5,0.0017,TCP,1,1,1,0,0.0,6.0,0.63,evening,59.87,0.0,0
165459,153,0.19,874306.5,808.5,1087.1,864.0,746509.9,0.0012,TCP,1,1,1,1,0.0,6.0,0.69,morning,80.85,0.0,0
2860,4,0.0,2860000.0,6220.8,902.5,646.3,417720.0,0.0002,OTHER,1,1,1,0,0.0,6.0,0.5,night,622.08,0.0,0
61049,71,0.12,507565.8,590.3,874.5,917.3,841424.5,0.0017,TCP,1,1,1,1,0.0,6.0,0.56,morning,59.03,0.0,0
165385,166,0.26,624556.3,626.9,1001.5,774.8,600375.8,0.0016,TCP,1,1,1,1,0.0,6.0,0.67,evening,62.69,0.0,0
2718,4,0.0,2718000.0,4938.3,1728.0,21.4,456.3,0.0003,OTHER,1,1,1,0,0.0,6.0,0.5,evening,493.83,0.0,0
1982998,2024,0.84,2370167.2,2419.2,982.6,791.5,626468.2,0.0004,TCP,1,1,1,1,0.0,6.0,0.64,morning,241.92,0.0,0
2820,4,0.0,2820000.0,5839.4,891.0,636.5,405073.2,0.0002,OTHER,1,1,1,0,0.0,6.0,0.5,night,583.94,0.0,0
126967,104,0.19,682009.6,558.6,1226.9,1068.9,1142477.5,0.0018,TCP,1,1,1,1,0.0,6.0,0.67,night,55.86,0.0,0
110284,96,0.18,622349.1,541.7,1159.1,1213.3,1472001.6,0.0019,TCP,1,1,1,1,0.0,6.0,0.6,evening,54.17,0.0,0
52400000,32775,6.27,8360938.5,5229.6,1601.4,2160.5,4667565.3,0.0002,TCP,1,1,1,0,0.0,6.0,0.55,morning,522.96,0.0,0
110185,109,0.14,764488.8,756.3,1023.1,1146.8,1315233.8,0.0013,TCP,1,1,1,1,0.0,6.0,0.54,evening,75.63,0.0,0
2065,4,0.0,2065000.0,50632.9,516.2,637.3,406137.0,0.0,OTHER,1,1,1,0,1.0,6.0,0.75,evening,5063.29,0.0,0
2884,4,0.0,2884000.0,5181.3,910.0,651.8,424830.0,0.0003,OTHER,1,1,1,0,0.0,6.0,0.5,afternoon,518.13,0.0,0
2884,4,0.0,2884000.0,5168.0,910.0,651.8,424830.0,0.0003,OTHER,1,1,1,0,0.0,6.0,0.5,night,516.8,0.0,0
3469672,2957,4.55,762409.6,649.8,1173.8,1302.0,1695195.1,0.0015,TCP,1,1,1,1,0.0,6.0,0.51,night,64.98,0.0,0
99115,82,0.19,515193.6,426.2,1218.5,1116.7,1247017.9,0.0024,TCP,1,1,1,1,0.0,6.0,0.67,afternoon,42.62,0.0,0
104407,99,0.19,555120.2,526.4,1067.9,1191.1,1418715.9,0.0019,TCP,1,1,1,1,0.0,6.0,0.57,night,52.64,0.0,0
455780,546,0.54,840581.3,1007.0,836.6,734.7,539839.7,0.001,TCP,1,1,1,1,0.0,6.0,0.59,morning,100.7,0.0,0
96573,89,0.16,599348.4,552.3,1093.0,1123.0,1261133.0,0.0018,TCP,1,1,1,1,0.0,6.0,0.6,night,55.23,0.0,0
630,4,0.0,630000.0,4459.3,1261.5,633.7,401594.7,0.0003,OTHER,1,1,1,0,0.0,6.0,0.5,afternoon,445.93,0.0,0
2860,4,0.0,2860000.0,5044.1,902.5,646.3,417720.0,0.0003,OTHER,1,1,1,0,0.0,6.0,0.5,evening,504.41,0.0,0
2538783,2281,3.26,779960.2,700.8,1114.6,942.4,888191.8,0.0014,TCP,1,1,1,0,0.0,6.0,0.65,night,70.08,0.0,0
578,4,0.0,578000.0,4102.6,1248.5,648.0,419846.7,0.0003,OTHER,1,1,1,0,0.0,6.0,0.5,morning,410.26,0.0,0
105841,107,0.19,555048.0,561.1,1001.6,1071.3,1147718.5,0.0018,TCP,1,1,1,1,0.0,6.0,0.56,morning,56.11,0.0,0
83908,113,0.09,978165.3,1317.3,747.9,775.3,601097.3,0.0008,TCP,1,1,1,0,0.0,6.0,0.51,afternoon,131.73,0.0,0
2884,4,0.0,2884000.0,5319.1,910.0,651.8,424830.0,0.0003,OTHER,1,1,1,0,0.0,6.0,0.5,morning,531.91,0.0,0
54686,48,0.1,522281.4,458.4,1151.7,1315.3,1730103.3,0.0022,TCP,1,1,1,0,0.0,6.0,0.56,evening,45.84,0.0,0
578,4,0.0,578000.0,4128.0,1248.5,648.0,419846.7,0.0003,OTHER,1,1,1,0,0.0,6.0,0.5,afternoon,412.8,0.0,0
391934,252,0.16,2383171.5,1532.3,1556.7,1150.5,1323745.8,0.0007,TCP,1,1,1,0,0.0,6.0,0.76,evening,153.23,0.0,0
2676,4,0.0,2676000.0,58823.5,672.0,892.4,796322.3,0.0,OTHER,1,1,1,0,1.0,6.0,0.75,evening,5882.35,0.0,0
86570,90,0.15,561002.6,583.2,971.6,809.1,654658.0,0.0017,TCP,1,1,1,1,0.0,6.0,0.67,night,58.32,0.0,0
2065,4,0.0,2065000.0,81632.7,516.2,637.3,406137.0,0.0,OTHER,1,1,1,0,1.0,6.0,0.75,evening,8163.27,0.0,0
107303,107,0.19,569576.0,568.0,1015.3,1086.3,1179961.7,0.0018,TCP,1,1,1,1,0.0,6.0,0.57,afternoon,56.8,0.0,0
105841,105,0.19,564016.1,559.5,1020.7,1161.9,1350040.1,0.0018,TCP,1,1,1,1,0.0,6.0,0.54,evening,55.95,0.0,0
630,4,0.0,630000.0,4024.1,1261.5,633.7,401594.7,0.0003,OTHER,1,1,1,0,0.0,6.0,0.5,evening,402.41,0.0,0
162041,136,0.29,568389.4,477.0,1198.4,911.8,831433.8,0.0021,TCP,1,1,1,1,0.0,6.0,0.75,night,47.7,0.0,0
77059,83,0.14,548951.0,591.3,941.3,1036.0,1073196.7,0.0017,TCP,1,1,1,1,0.0,6.0,0.54,evening,59.13,0.0,0
141436,116,0.22,641212.1,525.9,1224.7,1165.6,1358546.5,0.0019,TCP,1,1,1,1,0.0,6.0,0.65,morning,52.59,0.0,0
55486,27,0.01,8211632.4,3995.9,2055.5,1205.1,1452263.3,0.0003,TCP,1,1,1,1,1.0,6.0,0.96,morning,399.59,0.0,0
148921,108,0.25,588611.2,426.9,1397.0,1162.4,1351285.7,0.0024,TCP,1,1,1,1,0.0,6.0,0.71,evening,42.69,0.0,0
2612,4,0.0,2612000.0,4629.6,1640.0,5.5,30.0,0.0003,OTHER,1,1,1,0,0.0,6.0,0.5,evening,462.96,0.0,0
2796,4,0.0,2796000.0,5755.4,889.5,626.6,392620.8,0.0002,OTHER,1,1,1,0,0.0,6.0,0.5,evening,575.54,0.0,0
101497,101,0.12,825393.6,821.4,1017.9,1086.6,1180709.3,0.0012,TCP,1,1,1,1,0.0,6.0,0.57,night,82.14,0.0,0
826540,763,0.62,1340693.1,1237.6,1084.1,1164.8,1356769.2,0.0008,TCP,1,1,1,1,0.0,6.0,0.54,night,123.76,0.0,0
578,4,0.0,568338.2,3933.1,1248.5,648.0,419846.7,0.0003,OTHER,1,1,1,0,0.0,6.0,0.5,evening,393.31,0.0,0
2668,4,0.0,2668000.0,5681.8,844.0,601.4,361681.2,0.0002,OTHER,1,1,1,0,0.0,6.0,0.5,afternoon,568.18,0.0,0
2668,4,0.0,2668000.0,6451.6,844.0,601.4,361681.2,0.0002,OTHER,1,1,1,0,0.0,6.0,0.5,evening,645.16,0.0,0
165422,180,0.26,646844.2,703.8,923.9,752.8,566649.9,0.0014,TCP,1,1,1,1,0.0,6.0,0.64,morning,70.38,0.0,0
2884,4,0.0,2884000.0,5427.4,910.0,651.8,424830.0,0.0002,OTHER,1,1,1,0,0.0,6.0,0.5,afternoon,542.74,0.0,0
2820,4,0.0,2820000.0,5201.6,891.0,636.5,405073.2,0.0003,OTHER,1,1,1,0,0.0,6.0,0.5,night,520.16,0.0,0
2884,4,0.0,2884000.0,5649.7,910.0,651.8,424830.0,0.0002,OTHER,1,1,1,0,0.0,6.0,0.5,night,564.97,0.0,0
215903,184,0.16,1391297.9,1185.7,1181.3,1214.8,1475811.5,0.0008,TCP,1,1,1,1,0.0,6.0,0.58,morning,118.57,0.0,0
54413,46,0.1,542129.5,458.3,1193.7,1258.3,1583423.6,0.0022,TCP,1,1,1,0,0.0,6.0,0.61,afternoon,45.83,0.0,0
630,4,0.0,596026.5,3784.3,1261.5,633.7,401594.7,0.0004,OTHER,1,1,1,0,0.0,6.0,0.5,night,378.43,0.0,0
165385,162,0.2,840755.4,823.5,1026.3,797.9,636612.7,0.0012,TCP,1,1,1,1,0.0,6.0,0.69,night,82.35,0.0,0
15900000,12155,1.63,9729233.6,7437.7,1311.3,1367.7,1870494.8,0.0001,TCP,1,1,1,0,0.0,6.0,0.57,morning,743.77,0.0,0
54642,52,0.1,529076.9,503.5,1059.3,1201.5,1443566.7,0.002,TCP,1,1,1,0,0.0,6.0,0.54,night,50.35,0.0,0
217337,174,0.15,1415295.4,1133.1,1257.3,1241.3,1540765.5,0.0009,TCP,1,1,1,1,0.0,6.0,0.6,morning,113.31,0.0,0
2836,4,0.0,2836000.0,5442.2,900.2,637.0,405770.7,0.0002,OTHER,1,1,1,0,0.0,6.0,0.5,morning,544.22,0.0,0
98615,88,0.13,757533.9,676.0,1144.8,1192.8,1422847.1,0.0015,TCP,1,1,1,1,0.0,6.0,0.6,evening,67.6,0.0,0
2860,4,0.0,2860000.0,6116.2,902.5,646.3,417720.0,0.0002,OTHER,1,1,1,0,0.0,6.0,0.5,night,611.62,0.0,0
2796,4,0.0,2796000.0,5540.2,889.5,626.6,392620.8,0.0002,OTHER,1,1,1,0,0.0,6.0,0.5,morning,554.02,0.0,0
2820,11,0.0,2820000.0,13613.9,511.6,689.5,475347.8,0.0001,OTHER,1,1,1,0,0.0,6.0,0.36,evening,1361.39,0.0,0
578,4,0.0,578000.0,4171.0,1248.5,648.0,419846.7,0.0003,OTHER,1,1,1,0,0.0,6.0,0.5,night,417.1,0.0,0
578,4,0.0,578000.0,4073.3,1248.5,648.0,419846.7,0.0003,OTHER,1,1,1,0,0.0,6.0,0.5,afternoon,407.33,0.0,0
499475,329,0.91,550379.6,362.5,1523.3,1245.0,1549975.9,0.0028,TCP,1,1,1,1,0.0,6.0,0.71,night,36.25,0.0,0
2796,4,0.0,2796000.0,6051.4,889.5,626.6,392620.8,0.0002,OTHER,1,1,1,0,0.0,6.0,0.5,morning,605.14,0.0,0
2884,4,0.0,2884000.0,5326.2,910.0,651.8,424830.0,0.0003,OTHER,1,1,1,0,0.0,6.0,0.5,morning,532.62,0.0,0
762616,614,0.52,1471527.1,1184.8,1243.0,1147.8,1317492.0,0.0008,TCP,1,1,1,1,0.0,6.0,0.63,evening,118.48,0.0,0
1902230,1699,0.45,4211054.1,3761.2,1119.9,1216.1,1478781.8,0.0003,TCP,1,1,1,0,0.0,6.0,0.53,evening,376.12,0.0,0
183353,161,0.3,618871.3,543.4,1148.2,1142.1,1304357.1,0.0019,TCP,1,1,1,1,0.0,6.0,0.6,afternoon,54.34,0.0,0
215903,173,0.16,1334382.0,1069.2,1256.2,1244.9,1549711.6,0.0009,TCP,1,1,1,1,0.0,6.0,0.6,evening,106.92,0.0,0
110185,112,0.14,772279.7,785.0,995.7,1058.1,1119596.9,0.0013,TCP,1,1,1,1,0.0,6.0,0.56,night,78.5,0.0,0
2884,4,0.0,2884000.0,5082.6,910.0,651.8,424830.0,0.0003,OTHER,1,1,1,0,0.0,6.0,0.5,evening,508.26,0.0,0
165422,168,0.19,876366.2,890.0,989.8,832.1,692315.9,0.0011,TCP,1,1,1,1,0.0,6.0,0.65,night,89.0,0.0,0
386921,291,0.34,1138093.3,856.0,1337.2,1134.8,1287768.2,0.0012,TCP,1,1,1,1,0.0,6.0,0.69,afternoon,85.6,0.0,0
2668,4,0.0,2668000.0,6677.8,844.0,601.4,361681.2,0.0002,OTHER,1,1,1,0,0.0,6.0,0.5,evening,667.78,0.0,0
2860,4,0.0,2860000.0,5369.1,902.5,646.3,417720.0,0.0002,OTHER,1,1,1,0,0.0,6.0,0.5,afternoon,536.91,0.0,0
54401,48,0.1,532794.7,470.1,1143.6,1217.5,1482190.4,0.0022,TCP,1,1,1,0,0.0,6.0,0.58,evening,47.01,0.0,0
419827,351,0.2,2068347.6,1729.3,1202.0,1232.8,1519908.5,0.0006,TCP,1,1,1,1,0.0,6.0,0.56,afternoon,172.93,0.0,0
2884,4,0.0,878197.3,1218.0,910.0,651.8,424830.0,0.0011,OTHER,1,1,1,0,0.0,6.0,0.5,night,121.8,0.0,0
110185,111,0.14,769367.7,775.1,1004.7,1093.7,1196280.6,0.0013,TCP,1,1,1,1,0.0,6.0,0.55,morning,77.51,0.0,0
658,4,0.0,658000.0,4296.5,1268.5,626.0,391934.7,0.0003,OTHER,1,1,1,0,0.0,6.0,0.5,night,429.65,0.0,0
2860,4,0.0,2860000.0,5312.1,902.5,646.3,417720.0,0.0003,OTHER,1,1,1,0,0.0,6.0,0.5,night,531.21,0.0,0
572,4,0.0,572000.0,4268.9,1247.0,649.6,421978.8,0.0003,OTHER,1,1,1,0,0.0,6.0,0.5,night,426.89,0.0,0
2860,4,0.0,2860000.0,5221.9,902.5,646.3,417720.0,0.0003,OTHER,1,1,1,0,0.0,6.0,0.5,afternoon,522.19,0.0,0
233299,188,0.27,865467.9,697.4,1245.5,897.1,804747.3,0.0014,TCP,1,1,1,1,0.0,6.0,0.77,afternoon,69.74,0.0,0
165422,161,0.24,702053.3,683.3,1032.9,828.5,686379.6,0.0015,TCP,1,1,1,1,0.0,6.0,0.68,night,68.33,0.0,0
205069,145,0.32,633081.4,447.6,1427.8,1129.8,1276412.7,0.0022,TCP,1,1,1,1,0.0,6.0,0.75,evening,44.76,0.0,0
630,4,0.0,630000.0,4424.8,1261.5,633.7,401594.7,0.0003,OTHER,1,1,1,0,0.0,6.0,0.5,morning,442.48,0.0,0
445207,405,0.58,767684.3,698.4,1103.4,642.3,412515.1,0.0014,TCP,1,1,1,1,0.0,6.0,0.76,morning,69.84,0.0,0
165459,136,0.32,517904.2,425.7,1223.0,867.9,753218.3,0.0024,TCP,1,1,1,1,0.0,6.0,0.76,evening,42.57,0.0,0
170,4,0.0,170000.0,15209.1,1044.5,685.2,469500.3,0.0001,OTHER,1,1,1,0,0.0,6.0,0.5,evening,1520.91,0.0,0
165459,167,0.2,844045.1,851.9,996.0,800.7,641067.5,0.0012,TCP,1,1,1,1,0.0,6.0,0.66,night,85.19,0.0,0
92462,78,0.16,581792.8,490.8,1198.5,1146.2,1313712.9,0.0021,TCP,1,1,1,1,0.0,6.0,0.63,evening,49.08,0.0,0
92809,79,0.14,657711.4,559.9,1189.6,1147.8,1317468.6,0.0018,TCP,1,1,1,1,0.0,6.0,0.65,morning,55.99,0.0,0
658,4,0.0,646365.4,3929.3,1268.5,626.0,391934.7,0.0003,OTHER,1,1,1,0,0.0,6.0,0.5,afternoon,392.93,0.0,0
2820,4,0.0,2820000.0,5121.6,891.0,636.5,405073.2,0.0003,OTHER,1,1,1,0,0.0,6.0,0.5,afternoon,512.16,0.0,0
2860,4,0.0,2860000.0,5347.6,902.5,646.3,417720.0,0.0002,OTHER,1,1,1,0,0.0,6.0,0.5,night,534.76,0.0,0
578,4,0.0,578000.0,4090.0,1248.5,648.0,419846.7,0.0003,OTHER,1,1,1,0,0.0,6.0,0.5,evening,409.0,0.0,0
2860,11,0.0,2860000.0,21276.6,520.7,701.8,492467.0,0.0001,OTHER,1,1,1,0,0.0,6.0,0.55,morning,2127.66,0.0,0
105841,107,0.19,559076.5,565.2,1001.7,1089.4,1186798.3,0.0018,TCP,1,1,1,1,0.0,6.0,0.55,night,56.52,0.0,0
2668,4,0.0,2668000.0,6339.1,844.0,601.4,361681.2,0.0002,OTHER,1,1,1,0,0.0,6.0,0.5,night,633.91,0.0,0
264547,264,0.5,527398.9,526.3,1017.3,1081.7,1170172.2,0.0019,TCP,1,1,1,1,0.0,6.0,0.56,evening,52.63,0.0,0
165422,147,0.2,841876.5,748.1,1131.2,889.3,790781.3,0.0013,TCP,1,1,1,1,0.0,6.0,0.71,morning,74.81,0.0,0
141244,150,0.22,652499.7,692.9,945.8,1132.3,1282083.0,0.0015,TCP,1,1,1,1,0.0,6.0,0.51,afternoon,69.29,0.0,0
23600000,19069,26.36,895453.1,723.5,1243.0,1227.1,1505656.7,0.0014,TCP,1,1,1,0,0.0,6.0,0.58,night,72.35,0.0,0
110185,111,0.14,770723.9,776.4,1004.7,1076.3,1158502.2,0.0013,TCP,1,1,1,1,0.0,6.0,0.55,morning,77.64,0.0,0
1070637,857,0.36,2967784.1,2375.6,1252.8,1273.2,1621073.0,0.0004,TCP,1,1,1,1,0.0,6.0,0.57,night,237.56,0.0,0
2820,4,0.0,2820000.0,5277.0,891.0,636.5,405073.2,0.0003,OTHER,1,1,1,0,0.0,6.0,0.5,evening,527.7,0.0,0
104393,103,0.14,735462.4,725.6,1026.3,1132.9,1283373.7,0.0014,TCP,1,1,1,1,0.0,6.0,0.54,evening,72.56,0.0,0
1010943,715,1.54,656898.4,464.6,1415.0,1162.0,1350331.6,0.0022,TCP,1,1,1,0,0.0,6.0,0.69,morning,46.46,0.0,0
2065,4,0.0,2065000.0,51282.1,516.2,637.3,406137.0,0.0,OTHER,1,1,1,0,1.0,6.0,0.75,afternoon,5128.21,0.0,0
2724,4,0.0,2724000.0,5188.1,1675.5,19.7,388.8,0.0003,OTHER,1,1,1,0,0.0,6.0,0.5,evening,518.81,0.0,0
2820,4,0.0,2820000.0,5298.0,891.0,636.5,405073.2,0.0003,OTHER,1,1,1,0,0.0,6.0,0.5,night,529.8,0.0,0
578,4,0.0,578000.0,4094.2,1248.5,648.0,419846.7,0.0003,OTHER,1,1,1,0,0.0,6.0,0.5,morning,409.42,0.0,0
2884,4,0.0,2884000.0,6024.1,910.0,651.8,424830.0,0.0002,OTHER,1,1,1,0,0.0,6.0,0.5,afternoon,602.41,0.0,0
86554,93,0.16,528045.2,567.4,940.1,859.4,738592.4,0.0018,TCP,1,1,1,1,0.0,6.0,0.63,afternoon,56.74,0.0,0
165422,153,0.2,824019.9,762.1,1086.9,878.7,772106.2,0.0013,TCP,1,1,1,1,0.0,6.0,0.69,night,76.21,0.0,0
630,4,0.0,630000.0,4140.8,1261.5,633.7,401594.7,0.0003,OTHER,1,1,1,0,0.0,6.0,0.5,morning,414.08,0.0,0
165422,181,0.24,694630.1,760.0,918.7,806.1,649740.7,0.0013,TCP,1,1,1,1,0.0,6.0,0.62,evening,76.0,0.0,0
2860,4,0.0,2860000.0,5917.2,902.5,646.3,417720.0,0.0002,OTHER,1,1,1,0,0.0,6.0,0.5,evening,591.72,0.0,0
92442,112,0.18,510300.7,618.3,834.7,761.6,580014.0,0.0016,TCP,1,1,1,1,0.0,6.0,0.6,morning,61.83,0.0,0
2752,4,0.0,2752000.0,4860.3,1717.0,2.2,4.8,0.0003,OTHER,1,1,1,0,0.0,6.0,0.5,evening,486.03,0.0,0
433011,394,0.49,875640.0,796.8,1102.6,657.4,432129.0,0.0013,TCP,1,1,1,1,0.0,6.0,0.77,night,79.68,0.0,0
54399,45,0.1,539057.6,445.9,1221.6,1285.1,1651541.8,0.0023,TCP,1,1,1,0,0.0,6.0,0.62,evening,44.59,0.0,0
630,4,0.0,600000.0,3809.5,1261.5,633.7,401594.7,0.0003,OTHER,1,1,1,0,0.0,6.0,0.5,evening,380.95,0.0,0
110185,109,0.14,771182.4,762.9,1023.1,1112.8,1238290.6,0.0013,TCP,1,1,1,1,0.0,6.0,0.56,evening,76.29,0.0,0
126709,123,0.23,541787.8,525.9,1039.2,1118.1,1250211.0,0.0019,TCP,1,1,1,1,0.0,6.0,0.56,night,52.59,0.0,0
95705,93,0.15,627174.8,609.4,1042.9,1168.5,1365465.1,0.0017,TCP,1,1,1,1,0.0,6.0,0.55,night,60.94,0.0,0
2820,4,0.0,2820000.0,4395.6,891.0,636.5,405073.2,0.0003,OTHER,1,1,1,0,0.0,6.0,0.5,evening,439.56,0.0,0
2884,4,0.0,2884000.0,5249.3,910.0,651.8,424830.0,0.0003,OTHER,1,1,1,0,0.0,6.0,0.5,morning,524.93,0.0,0
630,4,0.0,630000.0,4237.3,1261.5,633.7,401594.7,0.0003,OTHER,1,1,1,0,0.0,6.0,0.5,afternoon,423.73,0.0,0
192,4,0.0,192000.0,15686.3,1057.5,684.7,468750.0,0.0001,OTHER,1,1,1,0,0.0,6.0,0.5,night,1568.63,0.0,0
2884,4,0.0,2884000.0,5420.1,910.0,651.8,424830.0,0.0002,OTHER,1,1,1,0,0.0,6.0,0.5,night,542.01,0.0,0
52566,26,0.0,11938678.2,5905.1,2022.2,990.5,981123.7,0.0002,TCP,1,1,1,1,1.0,6.0,0.96,night,590.51,0.0,0
282237,251,0.24,1157482.3,1029.4,1128.4,1257.2,1580514.8,0.001,TCP,1,1,1,1,0.0,6.0,0.55,morning,102.94,0.0,0
1047063,817,0.55,1909754.5,1490.1,1282.4,1040.8,1083249.9,0.0007,TCP,1,1,1,1,0.0,6.0,0.69,afternoon,149.01,0.0,0
2884,4,0.0,2884000.0,5464.5,910.0,651.8,424830.0,0.0002,OTHER,1,1,1,0,0.0,6.0,0.5,morning,546.45,0.0,0
105841,116,0.19,542955.3,595.1,924.0,973.8,948256.2,0.0017,TCP,1,1,1,1,0.0,6.0,0.57,morning,59.51,0.0,0
54278,54,0.11,504105.1,501.5,1012.2,1085.9,1179111.4,0.002,TCP,1,1,1,0,0.0,6.0,0.57,afternoon,50.15,0.0,0
104393,106,0.14,734071.2,745.4,997.3,1093.7,1196240.9,0.0014,TCP,1,1,1,1,0.0,6.0,0.54,night,74.54,0.0,0
87162,95,0.17,521931.3,568.9,926.8,720.1,518595.1,0.0018,TCP,1,1,1,1,0.0,6.0,0.67,night,56.89,0.0,0
624,4,0.0,624000.0,4219.4,1260.0,635.4,403680.0,0.0003,OTHER,1,1,1,0,0.0,6.0,0.5,evening,421.94,0.0,0
66791,66,0.13,530264.1,524.0,1053.3,1151.7,1326501.3,0.0019,TCP,1,1,1,1,0.0,6.0,0.55,night,52.4,0.0,0
49098,63,0.1,504412.5,647.2,799.6,709.8,503776.1,0.0016,TCP,1,1,1,1,0.0,6.0,0.6,afternoon,64.72,0.0,0
1047121,795,0.54,1931138.1,1466.2,1318.0,1030.5,1062028.5,0.0007,TCP,1,1,1,1,0.0,6.0,0.71,morning,146.62,0.0,0
2884,4,0.0,2884000.0,5952.4,910.0,651.8,424830.0,0.0002,OTHER,1,1,1,0,0.0,6.0,0.5,morning,595.24,0.0,0
64240,30,0.02,2575575.3,1202.8,2141.7,980.3,961002.5,0.0009,TCP,1,1,1,1,1.0,6.0,0.97,afternoon,120.28,0.0,0
578,4,0.0,558994.2,3868.5,1248.5,648.0,419846.7,0.0003,OTHER,1,1,1,0,0.0,6.0,0.5,morning,386.85,0.0,0
630,4,0.0,630000.0,4241.8,1261.5,633.7,401594.7,0.0003,OTHER,1,1,1,0,0.0,6.0,0.5,evening,424.18,0.0,0
2668,4,0.0,2668000.0,5714.3,844.0,601.4,361681.2,0.0002,OTHER,1,1,1,0,0.0,6.0,0.5,night,571.43,0.0,0
2612,4,0.0,2612000.0,4981.3,1640.0,5.5,30.0,0.0003,OTHER,1,1,1,0,0.0,6.0,0.5,evening,498.13,0.0,0
674,4,0.0,662733.5,3933.1,1272.5,621.7,386467.5,0.0003,OTHER,1,1,1,0,0.0,6.0,0.5,afternoon,393.31,0.0,0
2820,4,0.0,2820000.0,5284.0,891.0,636.5,405073.2,0.0003,OTHER,1,1,1,0,0.0,6.0,0.5,afternoon,528.4,0.0,0
630,4,0.0,630000.0,4098.4,1261.5,633.7,401594.7,0.0003,OTHER,1,1,1,0,0.0,6.0,0.5,morning,409.84,0.0,0
165422,176,0.24,676520.0,719.8,944.8,764.0,583737.0,0.0014,TCP,1,1,1,1,0.0,6.0,0.65,afternoon,71.98,0.0,0
2860,4,0.0,2860000.0,5908.4,902.5,646.3,417720.0,0.0002,OTHER,1,1,1,0,0.0,6.0,0.5,morning,590.84,0.0,0
2668,4,0.0,2668000.0,6689.0,844.0,601.4,361681.2,0.0002,OTHER,1,1,1,0,0.0,6.0,0.5,morning,668.9,0.0,0
165422,178,0.19,857659.8,922.9,934.2,825.4,681218.9,0.0011,TCP,1,1,1,1,0.0,6.0,0.62,afternoon,92.29,0.0,0
2796,4,0.0,2796000.0,5934.7,889.5,626.6,392620.8,0.0002,OTHER,1,1,1,0,0.0,6.0,0.5,afternoon,593.47,0.0,0
149888,149,0.16,929157.7,923.7,1011.5,928.4,862012.3,0.0011,TCP,1,1,1,1,0.0,6.0,0.63,morning,92.37,0.0,0
2884,11,0.0,2884000.0,11494.3,523.5,705.5,497665.8,0.0001,OTHER,1,1,1,0,0.0,6.0,0.36,night,1149.43,0.0,0
2884,4,0.0,2884000.0,5305.0,910.0,651.8,424830.0,0.0003,OTHER,1,1,1,0,0.0,6.0,0.5,morning,530.5,0.0,0
578,4,0.0,578000.0,4184.1,1248.5,648.0,419846.7,0.0003,OTHER,1,1,1,0,0.0,6.0,0.5,morning,418.41,0.0,0
165459,177,0.28,601537.8,643.5,939.7,1200.4,1440984.4,0.0016,TCP,1,1,1,1,0.0,6.0,0.5,evening,64.35,0.0,0
445207,408,0.25,1787362.6,1638.0,1095.5,676.2,457188.0,0.0006,TCP,1,1,1,1,0.0,6.0,0.75,afternoon,163.8,0.0,0
2668,4,0.0,2668000.0,6400.0,844.0,601.4,361681.2,0.0002,OTHER,1,1,1,0,0.0,6.0,0.5,night,640.0,0.0,0
165385,141,0.31,526977.4,449.3,1179.1,805.8,649312.9,0.0022,TCP,1,1,1,1,0.0,6.0,0.76,evening,44.93,0.0,0
2780,11,0.0,2780000.0,11178.9,502.5,677.2,458563.0,0.0001,OTHER,1,1,1,0,0.0,6.0,0.36,morning,1117.89,0.0,0
105841,103,0.19,568585.2,553.3,1040.4,1181.9,1396973.4,0.0018,TCP,1,1,1,1,0.0,6.0,0.53,afternoon,55.33,0.0,0
630,4,0.0,630000.0,4390.8,1261.5,633.7,401594.7,0.0003,OTHER,1,1,1,0,0.0,6.0,0.5,morning,439.08,0.0,0
539028,409,0.27,2016000.0,1529.7,1322.3,1051.5,1105565.0,0.0007,TCP,1,1,1,1,0.0,6.0,0.72,afternoon,152.97,0.0,0
105841,103,0.19,567344.8,552.1,1040.4,1129.1,1274955.0,0.0018,TCP,1,1,1,1,0.0,6.0,0.55,evening,55.21,0.0,0
104393,106,0.14,731166.3,742.4,997.3,1075.5,1156680.5,0.0014,TCP,1,1,1,1,0.0,6.0,0.56,morning,74.24,0.0,0
104393,100,0.14,733622.4,702.8,1056.9,1172.3,1374202.3,0.0014,TCP,1,1,1,1,0.0,6.0,0.55,afternoon,70.28,0.0,0
165443,152,0.21,798258.2,733.4,1094.2,878.2,771294.7,0.0014,TCP,1,1,1,1,0.0,6.0,0.69,evening,73.34,0.0,0
2282192,1860,0.66,3468629.9,2827.0,1227.6,1158.1,1341306.6,0.0004,TCP,1,1,1,1,0.0,6.0,0.62,evening,282.7,0.0,0
73490,80,0.11,652351.4,710.1,931.2,1009.6,1019371.9,0.0014,TCP,1,1,1,1,0.0,6.0,0.55,morning,71.01,0.0,0
2612,4,0.0,2612000.0,4597.7,1640.0,5.5,30.0,0.0003,OTHER,1,1,1,0,0.0,6.0,0.5,evening,459.77,0.0,0
630,4,0.0,630000.0,4166.7,1261.5,633.7,401594.7,0.0003,OTHER,1,1,1,0,0.0,6.0,0.5,afternoon,416.67,0.0,0
2884,4,0.0,2884000.0,5586.6,910.0,651.8,424830.0,0.0002,OTHER,1,1,1,0,0.0,6.0,0.5,evening,558.66,0.0,0
181656,162,0.32,573027.4,511.0,1130.8,1122.1,1259183.0,0.002,TCP,1,1,1,1,0.0,6.0,0.6,evening,51.1,0.0,0
2884,4,0.0,2884000.0,5763.7,910.0,651.8,424830.0,0.0002,OTHER,1,1,1,0,0.0,6.0,0.5,afternoon,576.37,0.0,0
2860,4,0.0,2860000.0,5340.5,902.5,646.3,417720.0,0.0002,OTHER,1,1,1,0,0.0,6.0,0.5,morning,534.05,0.0,0
86554,94,0.17,516879.2,561.3,930.1,814.9,664139.7,0.0018,TCP,1,1,1,1,0.0,6.0,0.65,afternoon,56.13,0.0,0
545414,549,0.33,1672556.5,1683.6,998.2,876.4,768002.4,0.0006,TCP,1,1,1,1,0.0,6.0,0.63,afternoon,168.36,0.0,0
2065,4,0.0,2065000.0,51948.1,516.2,637.3,406137.0,0.0,OTHER,1,1,1,0,1.0,6.0,0.75,night,5194.81,0.0,0
2796,4,0.0,2796000.0,5305.0,889.5,626.6,392620.8,0.0003,OTHER,1,1,1,0,0.0,6.0,0.5,night,530.5,0.0,0
2884,4,0.0,2884000.0,5722.5,910.0,651.8,424830.0,0.0002,OTHER,1,1,1,0,0.0,6.0,0.5,night,572.25,0.0,0
2604,4,0.0,2604000.0,11904.8,1698.8,52.0,2707.5,0.0001,OTHER,1,1,1,0,0.0,6.0,0.5,night,1190.48,0.0,0
2668,4,0.0,2668000.0,5347.6,844.0,601.4,361681.2,0.0002,OTHER,1,1,1,0,0.0,6.0,0.5,afternoon,534.76,0.0,0
578,4,0.0,578000.0,4153.7,1248.5,648.0,419846.7,0.0003,OTHER,1,1,1,0,0.0,6.0,0.5,night,415.37,0.0,0
2820,4,0.0,2820000.0,5263.2,891.0,636.5,405073.2,0.0003,OTHER,1,1,1,0,0.0,6.0,0.5,evening,526.32,0.0,0
2860,4,0.0,2860000.0,5547.9,902.5,646.3,417720.0,0.0002,OTHER,1,1,1,0,0.0,6.0,0.5,morning,554.79,0.0,0
3513,4,0.0,2665402.1,3034.9,878.2,986.5,973173.8,0.0004,OTHER,1,1,1,0,1.0,6.0,0.75,morning,303.49,0.0,0
2884,4,0.0,2884000.0,5797.1,910.0,651.8,424830.0,0.0002,OTHER,1,1,1,0,0.0,6.0,0.5,evening,579.71,0.0,0
62253,81,0.09,667370.6,868.3,784.7,711.1,505733.3,0.0012,TCP,1,1,1,1,0.0,6.0,0.59,morning,86.83,0.0,0
110185,119,0.14,773005.7,834.8,937.2,965.1,931398.0,0.0012,TCP,1,1,1,1,0.0,6.0,0.57,morning,83.48,0.0,0
55667,69,0.1,578322.4,716.8,825.1,745.9,556354.6,0.0014,TCP,1,1,1,1,0.0,6.0,0.62,night,71.68,0.0,0
2780,11,0.0,2701652.1,10690.0,503.6,678.6,460541.5,0.0001,OTHER,1,1,1,0,0.0,6.0,0.36,night,1069.0,0.0,0
108737,103,0.19,584111.3,553.3,1068.5,1174.3,1379081.2,0.0018,TCP,1,1,1,1,0.0,6.0,0.54,night,55.33,0.0,0
68909,64,0.1,712377.6,661.6,1081.9,1098.2,1205998.6,0.0015,TCP,1,1,1,0,0.0,6.0,0.61,morning,66.16,0.0,0
2668,4,0.0,2668000.0,6400.0,844.0,601.4,361681.2,0.0002,OTHER,1,1,1,0,0.0,6.0,0.5,morning,640.0,0.0,0
692407,571,0.28,2498581.8,2060.5,1216.6,1256.2,1578015.5,0.0005,TCP,1,1,1,1,0.0,6.0,0.56,evening,206.05,0.0,0
54409,60,0.1,529744.5,584.2,915.0,1021.9,1044198.7,0.0017,TCP,1,1,1,0,0.0,6.0,0.55,evening,58.42,0.0,0
630,4,0.0,630000.0,4223.9,1261.5,633.7,401594.7,0.0003,OTHER,1,1,1,0,0.0,6.0,0.5,evening,422.39,0.0,0
630,4,0.0,630000.0,4060.9,1261.5,633.7,401594.7,0.0003,OTHER,1,1,1,0,0.0,6.0,0.5,night,406.09,0.0,0
102686,99,0.11,977273.2,942.2,1043.9,1039.5,1080646.7,0.0011,TCP,1,1,1,1,0.0,6.0,0.64,evening,94.22,0.0,0
578,4,0.0,578000.0,4060.9,1248.5,648.0,419846.7,0.0003,OTHER,1,1,1,0,0.0,6.0,0.5,evening,406.09,0.0,0
2860,4,0.0,2860000.0,5312.1,902.5,646.3,417720.0,0.0003,OTHER,1,1,1,0,0.0,6.0,0.5,night,531.21,0.0,0
2868,11,0.0,2868000.0,21956.1,517.8,697.9,487015.3,0.0001,OTHER,1,1,1,0,0.0,6.0,0.36,night,2195.61,0.0,0
578,4,0.0,578000.0,4073.3,1248.5,648.0,419846.7,0.0003,OTHER,1,1,1,0,0.0,6.0,0.5,morning,407.33,0.0,0
165422,146,0.3,557667.4,492.2,1139.0,1308.2,1711256.6,0.002,TCP,1,1,1,1,0.0,6.0,0.53,morning,49.22,0.0,0
100049,106,0.2,506685.0,536.8,956.4,1047.6,1097428.4,0.0019,TCP,1,1,1,1,0.0,6.0,0.55,night,53.68,0.0,0
2884,11,0.0,2065902.6,7879.7,521.8,706.6,499223.9,0.0001,OTHER,1,1,1,0,0.0,6.0,0.36,night,787.97,0.0,0
641001413,509918,120.0,5341708.6,4249.3,1259.6,1254.8,1574470.6,0.0002,TCP,1,1,1,0,0.0,6.0,0.57,night,424.93,0.0,0
578,4,0.0,578000.0,4048.6,1248.5,648.0,419846.7,0.0003,OTHER,1,1,1,0,0.0,6.0,0.5,evening,404.86,0.0,0
578,4,0.0,578000.0,4381.2,1248.5,648.0,419846.7,0.0003,OTHER,1,1,1,0,0.0,6.0,0.5,night,438.12,0.0,0
110185,108,0.14,766531.0,751.3,1032.6,1148.0,1317808.4,0.0013,TCP,1,1,1,1,0.0,6.0,0.55,night,75.13,0.0,0
110185,107,0.14,772897.2,750.6,1042.1,1131.9,1281291.7,0.0013,TCP,1,1,1,1,0.0,6.0,0.55,afternoon,75.06,0.0,0
2884,4,0.0,2884000.0,5657.7,910.0,651.8,424830.0,0.0002,OTHER,1,1,1,0,0.0,6.0,0.5,night,565.77,0.0,0
2604,4,0.0,2604000.0,11976.0,1698.8,52.0,2707.5,0.0001,OTHER,1,1,1,0,0.0,6.0,0.5,morning,1197.6,0.0,0
2820,4,0.0,2820000.0,4950.5,891.0,636.5,405073.2,0.0003,OTHER,1,1,1,0,0.0,6.0,0.5,morning,495.05,0.0,0
2612,4,0.0,2612000.0,4854.4,1640.0,5.5,30.0,0.0003,OTHER,1,1,1,0,0.0,6.0,0.5,afternoon,485.44,0.0,0
630,4,0.0,630000.0,4106.8,1261.5,633.7,401594.7,0.0003,OTHER,1,1,1,0,0.0,6.0,0.5,morning,410.68,0.0,0
475000000,383883,120.0,3958371.5,3199.1,1240.1,1252.6,1569086.6,0.0003,TCP,1,1,1,0,1.0,6.0,0.57,evening,319.91,0.0,0
9857918,9380,4.63,2127659.8,2024.5,1051.1,1255.4,1575945.7,0.0005,TCP,1,1,1,0,0.0,6.0,0.47,evening,202.45,0.0,0
606242,398,0.37,1650549.8,1083.6,1525.3,1222.0,1493264.1,0.0009,TCP,1,1,1,1,0.0,6.0,0.72,morning,108.36,0.0,0
60816,57,0.02,2527890.9,2369.3,1069.9,1234.3,1523546.9,0.0004,TCP,1,1,1,1,0.0,6.0,0.53,afternoon,236.93,0.0,0
2868,11,0.0,2868000.0,20676.7,517.8,697.9,487015.3,0.0001,OTHER,1,1,1,0,0.0,6.0,0.36,night,2067.67,0.0,0
2884,4,0.0,2884000.0,5188.1,910.0,651.8,424830.0,0.0003,OTHER,1,1,1,0,0.0,6.0,0.5,morning,518.81,0.0,0
2820,4,0.0,2820000.0,6060.6,890.2,637.0,405770.7,0.0002,OTHER,1,1,1,0,0.0,6.0,0.5,evening,606.06,0.0,0
53390,44,0.1,560842.9,462.2,1221.6,1073.9,1153285.0,0.0022,TCP,1,1,1,0,0.0,6.0,0.68,night,46.22,0.0,0
159569,122,0.22,725531.3,554.7,1325.8,1139.3,1297952.1,0.0018,TCP,1,1,1,1,0.0,6.0,0.69,night,55.47,0.0,0
165422,169,0.22,763435.6,779.9,984.0,818.0,669101.7,0.0013,TCP,1,1,1,1,0.0,6.0,0.66,night,77.99,0.0,0
165406,161,0.31,538927.5,524.6,1032.8,685.2,469502.4,0.0019,TCP,1,1,1,1,0.0,6.0,0.73,morning,52.46,0.0,0
343410,326,0.43,806838.9,765.9,1055.9,1032.7,1066453.1,0.0013,TCP,1,1,1,1,0.0,6.0,0.6,afternoon,76.59,0.0,0
264545,290,0.4,668048.0,732.3,915.7,849.0,720849.4,0.0014,TCP,1,1,1,1,0.0,6.0,0.61,afternoon,73.23,0.0,0
54403,48,0.1,527242.6,465.2,1145.6,1178.2,1388163.2,0.0022,TCP,1,1,1,0,0.0,6.0,0.6,night,46.52,0.0,0
2884,4,0.0,2884000.0,5979.1,910.0,651.8,424830.0,0.0002,OTHER,1,1,1,0,0.0,6.0,0.5,evening,597.91,0.0,0
2820,4,0.0,2820000.0,5555.6,891.0,636.5,405073.2,0.0002,OTHER,1,1,1,0,0.0,6.0,0.5,night,555.56,0.0,0
578,4,0.0,572277.2,3960.4,1248.5,648.0,419846.7,0.0003,OTHER,1,1,1,0,0.0,6.0,0.5,night,396.04,0.0,0
235509,177,0.17,1371279.3,1030.6,1334.4,1122.1,1259124.1,0.001,TCP,1,1,1,1,0.0,6.0,0.68,night,103.06,0.0,0
183353,158,0.3,613101.8,528.3,1169.9,1151.9,1326905.6,0.0019,TCP,1,1,1,1,0.0,6.0,0.61,morning,52.83,0.0,0
2884,4,0.0,2884000.0,5517.2,910.0,651.8,424830.0,0.0002,OTHER,1,1,1,0,0.0,6.0,0.5,evening,551.72,0.0,0
86149,94,0.17,512996.3,559.7,927.4,1010.5,1021141.3,0.0018,TCP,1,1,1,1,0.0,6.0,0.59,morning,55.97,0.0,0
2668,4,0.0,2668000.0,6135.0,844.0,601.4,361681.2,0.0002,OTHER,1,1,1,0,0.0,6.0,0.5,afternoon,613.5,0.0,0
165422,176,0.26,636892.5,677.6,944.8,732.2,536084.6,0.0015,TCP,1,1,1,1,0.0,6.0,0.66,morning,67.76,0.0,0
53398,40,0.1,512024.4,383.6,1343.9,1194.4,1426518.2,0.0027,TCP,1,1,1,0,0.0,6.0,0.7,afternoon,38.36,0.0,0
2065,4,0.0,2065000.0,50632.9,516.2,637.3,406137.0,0.0,OTHER,1,1,1,0,1.0,6.0,0.75,night,5063.29,0.0,0
45979,67,0.08,564111.1,822.0,698.2,703.6,495051.7,0.0012,TCP,1,1,1,1,0.0,6.0,0.55,morning,82.2,0.0,0
122247,101,0.18,689352.4,569.5,1218.3,1165.2,1357801.2,0.0018,TCP,1,1,1,1,0.0,6.0,0.66,afternoon,56.95,0.0,0
165443,149,0.21,801969.0,722.3,1116.2,929.7,864341.7,0.0014,TCP,1,1,1,1,0.0,6.0,0.69,night,72.23,0.0,0
108751,98,0.14,761849.7,686.5,1123.2,1249.4,1561092.9,0.0015,TCP,1,1,1,1,0.0,6.0,0.57,evening,68.65,0.0,0
1925834,1779,0.41,4747374.1,4385.4,1084.6,1194.4,1426683.1,0.0002,TCP,1,1,1,0,0.0,6.0,0.52,evening,438.54,0.0,0
102959,95,0.14,723687.4,667.7,1097.6,1236.9,1529836.7,0.0015,TCP,1,1,1,1,0.0,6.0,0.55,afternoon,66.77,0.0,0
69448,83,0.14,503761.1,602.1,850.4,777.2,603967.5,0.0017,TCP,1,1,1,1,0.0,6.0,0.6,evening,60.21,0.0,0
2604,4,0.0,2604000.0,11869.4,1698.8,52.0,2707.5,0.0001,OTHER,1,1,1,0,0.0,6.0,0.5,afternoon,1186.94,0.0,0
2860,4,0.0,2860000.0,5390.8,902.5,646.3,417720.0,0.0002,OTHER,1,1,1,0,0.0,6.0,0.5,evening,539.08,0.0,0
630,4,0.0,630000.0,4162.3,1261.5,633.7,401594.7,0.0003,OTHER,1,1,1,0,0.0,6.0,0.5,evening,416.23,0.0,0
108751,104,0.14,761423.0,728.2,1058.4,1156.1,1336664.2,0.0014,TCP,1,1,1,1,0.0,6.0,0.56,evening,72.82,0.0,0
39600000,32316,17.88,2214938.5,1807.5,1225.5,1184.0,1401784.5,0.0006,TCP,1,1,1,0,0.0,6.0,0.6,evening,180.75,0.0,0
2065,4,0.0,2065000.0,48780.5,516.2,637.3,406137.0,0.0,OTHER,1,1,1,0,1.0,6.0,0.75,evening,4878.05,0.0,0
2065,4,0.0,2065000.0,51282.1,516.2,637.3,406137.0,0.0,OTHER,1,1,1,0,1.0,6.0,0.75,night,5128.21,0.0,0
105841,105,0.19,559614.4,555.2,1020.7,1127.1,1270280.9,0.0018,TCP,1,1,1,1,0.0,6.0,0.54,morning,55.52,0.0,0
2065,4,0.0,2065000.0,44444.4,516.2,637.3,406137.0,0.0,OTHER,1,1,1,0,1.0,6.0,0.75,night,4444.44,0.0,0
630,4,0.0,630000.0,4032.3,1261.5,633.7,401594.7,0.0003,OTHER,1,1,1,0,0.0,6.0,0.5,evening,403.23,0.0,0
165422,148,0.19,882872.2,789.9,1123.6,780.5,609135.1,0.0013,TCP,1,1,1,1,0.0,6.0,0.74,afternoon,78.99,0.0,0
2242,6,0.0,2242000.0,10772.0,509.7,482.9,233220.8,0.0001,OTHER,1,1,1,0,0.5,6.0,0.33,night,1077.2,0.0,0
110284,91,0.18,624849.1,515.6,1222.9,1203.2,1447802.2,0.002,TCP,1,1,1,1,0.0,6.0,0.63,afternoon,51.56,0.0,0
2836,11,0.0,2227808.3,8641.0,513.6,692.2,479105.1,0.0001,OTHER,1,1,1,0,0.0,6.0,0.36,afternoon,864.1,0.0,0
100049,105,0.2,509404.1,534.6,965.5,1067.3,1139187.1,0.0019,TCP,1,1,1,1,0.0,6.0,0.54,night,53.46,0.0,0
584000000,467355,120.0,4866669.4,3894.6,1251.2,1262.7,1594348.6,0.0003,TCP,1,1,1,0,0.5,6.0,0.56,night,389.46,0.0,0
630,4,0.0,612840.5,3891.1,1261.5,633.7,401594.7,0.0003,OTHER,1,1,1,0,0.0,6.0,0.5,evening,389.11,0.0,0
141329,147,0.22,656571.6,682.9,974.3,1055.1,1113157.7,0.0015,TCP,1,1,1,1,0.0,6.0,0.6,evening,68.29,0.0,0
2796,4,0.0,2796000.0,5586.6,888.8,627.1,393307.5,0.0002,OTHER,1,1,1,0,0.0,6.0,0.5,night,558.66,0.0,0
116450,92,0.23,510394.2,403.2,1289.6,1235.2,1525622.4,0.0025,TCP,1,1,1,1,0.0,6.0,0.65,afternoon,40.32,0.0,0
165422,164,0.25,675158.8,669.4,1014.0,779.9,608305.3,0.0015,TCP,1,1,1,1,0.0,6.0,0.68,night,66.94,0.0,0
2884,4,0.0,2884000.0,5649.7,909.2,652.3,425544.3,0.0002,OTHER,1,1,1,0,0.0,6.0,0.5,morning,564.97,0.0,0
578,4,0.0,578000.0,4223.9,1248.5,648.0,419846.7,0.0003,OTHER,1,1,1,0,0.0,6.0,0.5,afternoon,422.39,0.0,0
3037662,2950,0.7,4348369.2,4222.9,1031.7,1209.5,1462932.3,0.0002,TCP,1,1,1,1,0.0,6.0,0.5,morning,422.29,0.0,0
2884,4,0.0,2884000.0,6015.0,910.0,651.8,424830.0,0.0002,OTHER,1,1,1,0,0.0,6.0,0.5,night,601.5,0.0,0
197714,159,0.08,2435051.4,1958.2,1246.1,1252.9,1569667.1,0.0005,TCP,1,1,1,0,0.0,6.0,0.59,evening,195.82,0.0,0
630,4,0.0,616438.4,3913.9,1261.5,633.7,401594.7,0.0003,OTHER,1,1,1,0,0.0,6.0,0.5,evening,391.39,0.0,0
56486,57,0.02,2397640.0,2419.5,993.9,1095.5,1200141.2,0.0004,TCP,1,1,1,1,0.0,6.0,0.53,night,241.95,0.0,0
165422,153,0.29,563983.5,521.6,1086.9,829.7,688387.2,0.0019,TCP,1,1,1,1,0.0,6.0,0.72,morning,52.16,0.0,0
2884,4,0.0,2884000.0,5698.0,910.0,651.8,424830.0,0.0002,OTHER,1,1,1,0,0.0,6.0,0.5,night,569.8,0.0,0
84099,90,0.16,517341.3,553.6,947.3,1049.8,1102163.8,0.0018,TCP,1,1,1,1,0.0,6.0,0.56,night,55.36,0.0,0
54370,51,0.1,533326.8,500.3,1077.0,1098.5,1206783.6,0.002,TCP,1,1,1,0,0.0,6.0,0.59,morning,50.03,0.0,0
2065,4,0.0,2065000.0,54054.1,516.2,637.3,406137.0,0.0,OTHER,1,1,1,0,1.0,6.0,0.75,morning,5405.41,0.0,0
57934,54,0.02,2450987.9,2284.6,1075.7,1258.0,1582543.6,0.0004,TCP,1,1,1,1,0.0,6.0,0.54,evening,228.46,0.0,0
2065,4,0.0,2065000.0,54054.1,516.2,637.3,406137.0,0.0,OTHER,1,1,1,0,1.0,6.0,0.75,night,5405.41,0.0,0
658,4,0.0,658000.0,4024.1,1268.5,626.0,391934.7,0.0003,OTHER,1,1,1,0,0.0,6.0,0.5,afternoon,402.41,0.0,0
2884,4,0.0,2884000.0,5882.4,910.0,651.8,424830.0,0.0002,OTHER,1,1,1,0,0.0,6.0,0.5,evening,588.24,0.0,0
142316,145,0.19,756175.4,770.4,985.8,1190.1,1416455.8,0.0013,TCP,1,1,1,1,0.0,6.0,0.51,morning,77.04,0.0,0
578,4,0.0,578000.0,4012.0,1248.5,648.0,419846.7,0.0003,OTHER,1,1,1,0,0.0,6.0,0.5,afternoon,401.2,0.0,0
1902236,1726,0.41,4610374.7,4183.2,1104.2,1245.3,1550808.9,0.0002,TCP,1,1,1,0,0.0,6.0,0.5,night,418.32,0.0,0
539007,390,0.27,1997002.7,1444.9,1386.5,1053.4,1109696.8,0.0007,TCP,1,1,1,1,0.0,6.0,0.74,afternoon,144.49,0.0,0
54553,53,0.02,2294649.6,2229.3,1032.1,1131.7,1280788.6,0.0005,TCP,1,1,1,1,0.0,6.0,0.55,afternoon,222.93,0.0,0
29980,35,0.06,538608.0,628.8,874.3,857.5,735318.8,0.0016,TCP,1,1,1,0,0.0,6.0,0.6,night,62.88,0.0,0
2868,11,0.0,2868000.0,21317.8,520.7,701.8,492467.0,0.0001,OTHER,1,1,1,0,0.0,6.0,0.36,night,2131.78,0.0,0
508248,417,0.28,1817163.8,1490.9,1221.6,1273.4,1621496.4,0.0007,TCP,1,1,1,1,0.0,6.0,0.54,night,149.09,0.0,0
165422,159,0.21,783756.5,753.3,1045.9,829.3,687804.0,0.0013,TCP,1,1,1,1,0.0,6.0,0.69,evening,75.33,0.0,0
344277,232,0.5,684108.7,461.0,1490.8,1133.2,1284235.5,0.0022,TCP,1,1,1,1,0.0,6.0,0.75,evening,46.1,0.0,0
658,4,0.0,658000.0,4386.0,1268.5,626.0,391934.7,0.0003,OTHER,1,1,1,0,0.0,6.0,0.5,evening,438.6,0.0,0
2884,4,0.0,2884000.0,5102.0,910.0,651.8,424830.0,0.0003,OTHER,1,1,1,0,0.0,6.0,0.5,evening,510.2,0.0,0
2604,4,0.0,2604000.0,11363.6,1698.8,52.0,2707.5,0.0001,OTHER,1,1,1,0,0.0,6.0,0.5,evening,1136.36,0.0,0
165406,142,0.24,682886.3,586.3,1171.0,844.1,712452.0,0.0017,TCP,1,1,1,1,0.0,6.0,0.75,evening,58.63,0.0,0
367385,250,0.22,1688924.5,1149.3,1481.3,1186.9,1408681.2,0.0009,TCP,1,1,1,1,0.0,6.0,0.7,morning,114.93,0.0,0
2836,11,0.0,2195046.4,8513.9,513.6,692.2,479105.1,0.0001,OTHER,1,1,1,0,0.0,6.0,0.36,evening,851.39,0.0,0
2884,11,0.0,2299840.5,8771.9,521.8,706.6,499223.9,0.0001,OTHER,1,1,1,0,0.0,6.0,0.36,morning,877.19,0.0,0
2820,4,0.0,2820000.0,5298.0,891.0,636.5,405073.2,0.0003,OTHER,1,1,1,0,0.0,6.0,0.5,evening,529.8,0.0,0
98627,95,0.13,770475.3,742.1,1052.7,1116.1,1245634.1,0.0014,TCP,1,1,1,1,0.0,6.0,0.57,night,74.21,0.0,0
2884,4,0.0,2884000.0,5673.8,910.0,651.8,424830.0,0.0002,OTHER,1,1,1,0,0.0,6.0,0.5,night,567.38,0.0,0
104393,101,0.14,731022.9,707.3,1046.7,1222.9,1495398.3,0.0014,TCP,1,1,1,1,0.0,6.0,0.54,afternoon,70.73,0.0,0
2836,11,0.0,2207003.9,8560.3,513.8,692.4,479442.4,0.0001,OTHER,1,1,1,0,0.0,6.0,0.36,night,856.03,0.0,0
104393,107,0.14,730424.5,748.7,988.0,1128.0,1272481.3,0.0013,TCP,1,1,1,1,0.0,6.0,0.54,evening,74.87,0.0,0
56486,53,0.02,2398861.9,2250.8,1068.7,1204.7,1451210.8,0.0005,TCP,1,1,1,1,0.0,6.0,0.53,night,225.08,0.0,0
165422,147,0.18,915218.0,813.3,1131.2,830.9,690327.9,0.0012,TCP,1,1,1,1,0.0,6.0,0.73,afternoon,81.33,0.0,0
2856,4,0.0,2856000.0,5925.9,904.5,643.0,413482.8,0.0002,OTHER,1,1,1,0,0.0,6.0,0.5,night,592.59,0.0,0
674,4,0.0,634054.6,3762.9,1272.5,621.7,386467.5,0.0004,OTHER,1,1,1,0,0.0,6.0,0.5,evening,376.29,0.0,0
2065,4,0.0,2065000.0,44444.4,516.2,637.3,406137.0,0.0,OTHER,1,1,1,0,1.0,6.0,0.75,afternoon,4444.44,0.0,0
17275,9,0.0,14802913.5,7712.1,1920.8,1450.4,2103756.9,0.0001,TCP,1,1,1,1,1.0,6.0,0.89,morning,771.21,0.0,0
2860,4,0.0,2860000.0,5201.6,902.5,646.3,417720.0,0.0003,OTHER,1,1,1,0,0.0,6.0,0.5,evening,520.16,0.0,0
100889,91,0.13,754908.6,680.9,1123.7,1224.1,1498459.7,0.0015,TCP,1,1,1,1,0.0,6.0,0.58,morning,68.09,0.0,0
165385,174,0.24,691999.0,728.0,955.5,800.2,640357.5,0.0014,TCP,1,1,1,1,0.0,6.0,0.64,morning,72.8,0.0,0
2820,4,0.0,2820000.0,5154.6,891.0,636.5,405073.2,0.0003,OTHER,1,1,1,0,0.0,6.0,0.5,afternoon,515.46,0.0,0
578,4,0.0,578000.0,4024.1,1248.5,648.0,419846.7,0.0003,OTHER,1,1,1,0,0.0,6.0,0.5,evening,402.41,0.0,0
51561,44,0.08,662882.6,565.7,1180.0,1288.9,1661138.1,0.0018,TCP,1,1,1,0,0.0,6.0,0.61,evening,56.57,0.0,0
2884,4,0.0,2884000.0,6420.5,910.0,651.8,424830.0,0.0002,OTHER,1,1,1,0,0.0,6.0,0.5,morning,642.05,0.0,0
539013,381,0.33,1645861.3,1163.4,1419.0,1014.2,1028626.8,0.0009,TCP,1,1,1,1,0.0,6.0,0.77,morning,116.34,0.0,0
755683,558,0.53,1435606.2,1060.1,1355.4,1140.2,1300078.0,0.0009,TCP,1,1,1,1,0.0,6.0,0.69,night,106.01,0.0,0
2820,4,0.0,2820000.0,4981.3,891.0,636.5,405073.2,0.0003,OTHER,1,1,1,0,0.0,6.0,0.5,evening,498.13,0.0,0
86554,91,0.16,551506.6,579.8,960.7,774.9,600494.0,0.0017,TCP,1,1,1,1,0.0,6.0,0.68,evening,57.98,0.0,0
100333,81,0.13,756505.1,610.7,1247.3,1077.4,1160865.6,0.0017,TCP,1,1,1,1,0.0,6.0,0.69,evening,61.07,0.0,0
100049,104,0.2,510542.6,530.7,974.8,1068.4,1141372.6,0.0019,TCP,1,1,1,1,0.0,6.0,0.55,morning,53.07,0.0,0
2836,11,0.0,2274258.2,8821.2,513.6,692.2,479105.1,0.0001,OTHER,1,1,1,0,0.0,6.0,0.36,night,882.12,0.0,0
129863,102,0.16,830023.6,651.9,1291.0,1227.2,1505998.5,0.0015,TCP,1,1,1,1,0.0,6.0,0.65,night,65.19,0.0,0
2820,4,0.0,2820000.0,5494.5,891.0,636.5,405073.2,0.0002,OTHER,1,1,1,0,0.0,6.0,0.5,morning,549.45,0.0,0
3162553,3694,2.32,1364950.3,1594.3,884.3,619.4,383628.7,0.0006,TCP,1,1,1,1,0.0,6.0,0.66,morning,159.43,0.0,0
445312,361,0.22,1996485.1,1618.5,1238.4,964.9,931106.4,0.0006,TCP,1,1,1,1,0.0,6.0,0.71,evening,161.85,0.0,0
578,4,0.0,578000.0,4223.9,1248.5,648.0,419846.7,0.0003,OTHER,1,1,1,0,0.0,6.0,0.5,morning,422.39,0.0,0
2884,4,0.0,2884000.0,5673.8,910.0,651.8,424830.0,0.0002,OTHER,1,1,1,0,0.0,6.0,0.5,night,567.38,0.0,0
2676,4,0.0,2676000.0,43956.0,672.0,892.4,796322.3,0.0,OTHER,1,1,1,0,1.0,6.0,0.75,evening,4395.6,0.0,0
2604,4,0.0,2562992.1,3937.0,1635.0,5.5,30.0,0.0003,OTHER,1,1,1,0,0.0,6.0,0.5,night,393.7,0.0,0
105841,106,0.19,569996.8,570.9,1011.0,1126.0,1267963.8,0.0018,TCP,1,1,1,1,0.0,6.0,0.56,morning,57.09,0.0,0
578,4,0.0,578000.0,4008.0,1248.5,648.0,419846.7,0.0003,OTHER,1,1,1,0,0.0,6.0,0.5,morning,400.8,0.0,0
2816,4,0.0,2816000.0,4854.4,1766.8,4.9,24.3,0.0003,OTHER,1,1,1,0,0.0,6.0,0.5,night,485.44,0.0,0
165422,149,0.23,706774.6,636.6,1116.1,792.8,628491.2,0.0016,TCP,1,1,1,1,0.0,6.0,0.74,evening,63.66,0.0,0
437965,298,0.52,843577.1,574.0,1476.3,1069.6,1144141.9,0.0017,TCP,1,1,1,1,0.0,6.0,0.78,afternoon,57.4,0.0,0
2860,4,0.0,2860000.0,5865.1,901.8,646.9,418428.3,0.0002,OTHER,1,1,1,0,0.0,6.0,0.5,evening,586.51,0.0,0
2820,4,0.0,2820000.0,5571.0,891.0,636.5,405073.2,0.0002,OTHER,1,1,1,0,0.0,6.0,0.5,night,557.1,0.0,0
165385,171,0.28,591664.4,611.8,972.3,749.6,561912.6,0.0016,TCP,1,1,1,1,0.0,6.0,0.67,afternoon,61.18,0.0,0
152291,130,0.3,502925.9,429.3,1177.7,1037.5,1076420.6,0.0023,TCP,1,1,1,1,0.0,6.0,0.68,evening,42.93,0.0,0
81886,98,0.12,680902.4,814.9,845.7,765.5,585948.4,0.0012,TCP,1,1,1,1,0.0,6.0,0.61,morning,81.49,0.0,0
105841,102,0.19,561755.9,541.4,1050.5,1165.9,1359290.5,0.0019,TCP,1,1,1,1,0.0,6.0,0.58,morning,54.14,0.0,0
2065,4,0.0,2065000.0,44444.4,516.2,637.3,406137.0,0.0,OTHER,1,1,1,0,1.0,6.0,0.75,morning,4444.44,0.0,0
104393,106,0.14,733844.2,745.1,997.3,1075.5,1156792.0,0.0014,TCP,1,1,1,1,0.0,6.0,0.56,night,74.51,0.0,0
2884,4,0.0,2884000.0,5891.0,910.0,651.8,424830.0,0.0002,OTHER,1,1,1,0,0.0,6.0,0.5,afternoon,589.1,0.0,0
658,4,0.0,658000.0,4111.0,1268.5,626.0,391934.7,0.0003,OTHER,1,1,1,0,0.0,6.0,0.5,morning,411.1,0.0,0
2860,4,0.0,2860000.0,5405.4,902.5,646.3,417720.0,0.0002,OTHER,1,1,1,0,0.0,6.0,0.5,afternoon,540.54,0.0,0
2884,4,0.0,2884000.0,5361.9,910.0,651.8,424830.0,0.0002,OTHER,1,1,1,0,0.0,6.0,0.5,morning,536.19,0.0,0
2920,4,0.0,2920000.0,5390.8,907.8,669.9,448718.7,0.0002,OTHER,1,1,1,0,0.0,6.0,0.5,afternoon,539.08,0.0,0
105855,107,0.14,737948.3,745.9,1001.7,1089.3,1186651.4,0.0014,TCP,1,1,1,1,0.0,6.0,0.55,afternoon,74.59,0.0,0
153967,132,0.12,1244318.5,1066.8,1169.8,1228.6,1509539.4,0.0009,TCP,1,1,1,0,0.0,6.0,0.58,night,106.68,0.0,0
2836,11,0.0,2028612.3,7868.4,513.6,692.2,479105.1,0.0001,OTHER,1,1,1,0,0.0,6.0,0.36,afternoon,786.84,0.0,0
2796,4,0.0,2796000.0,5221.9,889.5,626.6,392620.8,0.0003,OTHER,1,1,1,0,0.0,6.0,0.5,afternoon,522.19,0.0,0
2884,4,0.0,2884000.0,5780.3,910.0,651.8,424830.0,0.0002,OTHER,1,1,1,0,0.0,6.0,0.5,morning,578.03,0.0,0
578,4,0.0,578000.0,4069.2,1248.5,648.0,419846.7,0.0003,OTHER,1,1,1,0,0.0,6.0,0.5,morning,406.92,0.0,0
95838,98,0.13,751853.4,768.8,988.8,1131.1,1279307.3,0.0013,TCP,1,1,1,1,0.0,6.0,0.55,night,76.88,0.0,0
93405,82,0.13,723800.4,635.4,1146.0,1147.5,1316847.8,0.0016,TCP,1,1,1,1,0.0,6.0,0.62,night,63.54,0.0,0
90300,88,0.15,600263.2,585.0,1033.9,1072.4,1150064.8,0.0017,TCP,1,1,1,1,0.0,6.0,0.6,night,58.5,0.0,0
55294,67,0.11,503693.9,610.3,844.3,746.9,557897.3,0.0017,TCP,1,1,1,1,0.0,6.0,0.63,afternoon,61.03,0.0,0
110185,112,0.14,768043.1,780.7,995.6,1058.2,1119702.3,0.0013,TCP,1,1,1,1,0.0,6.0,0.56,afternoon,78.07,0.0,0
99320,113,0.14,696821.1,792.8,886.4,772.4,596582.5,0.0013,TCP,1,1,1,1,0.0,6.0,0.63,afternoon,79.28,0.0,0
630,4,0.0,630000.0,4310.3,1261.5,633.7,401594.7,0.0003,OTHER,1,1,1,0,0.0,6.0,0.5,evening,431.03,0.0,0
165422,155,0.2,836732.4,784.0,1072.9,965.9,932950.8,0.0013,TCP,1,1,1,1,0.0,6.0,0.65,evening,78.4,0.0,0
104393,102,0.14,729939.3,713.2,1036.3,1151.9,1326960.4,0.0014,TCP,1,1,1,1,0.0,6.0,0.54,night,71.32,0.0,0
165422,139,0.25,654815.1,550.2,1196.4,918.4,843382.2,0.0018,TCP,1,1,1,1,0.0,6.0,0.73,morning,55.02,0.0,0
366620,285,0.23,1585637.5,1232.6,1288.6,1232.2,1518269.4,0.0008,TCP,1,1,1,1,0.0,6.0,0.61,night,123.26,0.0,0
2820,4,0.0,2820000.0,5249.3,891.0,636.5,405073.2,0.0003,OTHER,1,1,1,0,0.0,6.0,0.5,night,524.93,0.0,0
3426830,2633,0.47,7328064.2,5630.5,1302.2,1498.4,2245215.1,0.0002,TCP,1,1,1,1,0.0,6.0,0.55,morning,563.05,0.0,0
630,4,0.0,630000.0,4123.7,1261.5,633.7,401594.7,0.0003,OTHER,1,1,1,0,0.0,6.0,0.5,evening,412.37,0.0,0
797570,633,0.54,1470953.3,1167.4,1261.0,1150.1,1322665.4,0.0009,TCP,1,1,1,1,0.0,6.0,0.63,night,116.74,0.0,0
2604,4,0.0,2604000.0,4926.1,1635.0,5.5,30.0,0.0003,OTHER,1,1,1,0,0.0,6.0,0.5,afternoon,492.61,0.0,0
54694,52,0.1,527827.4,501.8,1063.3,1110.6,1233341.0,0.002,TCP,1,1,1,0,0.0,6.0,0.58,evening,50.18,0.0,0
2884,4,0.0,2884000.0,5427.4,910.0,651.8,424830.0,0.0002,OTHER,1,1,1,0,0.0,6.0,0.5,evening,542.74,0.0,0
104393,98,0.14,737619.0,692.4,1078.7,1210.2,1464635.2,0.0015,TCP,1,1,1,1,0.0,6.0,0.54,evening,69.24,0.0,0
86554,98,0.15,566842.4,641.8,892.1,869.4,755781.7,0.0016,TCP,1,1,1,1,0.0,6.0,0.59,morning,64.18,0.0,0
578,4,0.0,578000.0,4060.9,1248.5,648.0,419846.7,0.0003,OTHER,1,1,1,0,0.0,6.0,0.5,night,406.09,0.0,0
2219986,1978,2.48,894579.9,797.1,1125.6,1111.9,1236225.6,0.0013,TCP,1,1,1,1,0.0,6.0,0.59,evening,79.71,0.0,0
2848,4,0.0,2848000.0,6163.3,886.8,652.3,425544.3,0.0002,OTHER,1,1,1,0,0.0,6.0,0.5,night,616.33,0.0,0
2065,4,0.0,2065000.0,52631.6,516.2,637.3,406137.0,0.0,OTHER,1,1,1,0,1.0,6.0,0.75,evening,5263.16,0.0,0
2820,4,0.0,2820000.0,5194.8,891.0,636.5,405073.2,0.0003,OTHER,1,1,1,0,0.0,6.0,0.5,afternoon,519.48,0.0,0
2860,4,0.0,2860000.0,5361.9,901.8,646.9,418428.3,0.0002,OTHER,1,1,1,0,0.0,6.0,0.5,night,536.19,0.0,0
2860,4,0.0,2860000.0,5738.9,902.5,646.3,417720.0,0.0002,OTHER,1,1,1,0,0.0,6.0,0.5,morning,573.89,0.0,0
73356,72,0.12,609294.4,598.0,1053.1,1139.9,1299438.2,0.0017,TCP,1,1,1,1,0.0,6.0,0.56,morning,59.8,0.0,0
578,4,0.0,578000.0,4255.3,1248.5,648.0,419846.7,0.0003,OTHER,1,1,1,0,0.0,6.0,0.5,night,425.53,0.0,0
578,4,0.0,578000.0,4032.3,1248.5,648.0,419846.7,0.0003,OTHER,1,1,1,0,0.0,6.0,0.5,morning,403.23,0.0,0
70268,62,0.13,561564.5,495.5,1180.4,1355.9,1838469.0,0.0021,TCP,1,1,1,1,0.0,6.0,0.53,afternoon,49.55,0.0,0
2868,11,0.0,2868000.0,21359.2,520.7,701.8,492467.0,0.0001,OTHER,1,1,1,0,0.0,6.0,0.36,afternoon,2135.92,0.0,0
165422,137,0.2,834983.9,691.5,1213.8,896.8,804190.2,0.0015,TCP,1,1,1,1,0.0,6.0,0.74,afternoon,69.15,0.0,0
630,4,0.0,630000.0,4184.1,1261.5,633.7,401594.7,0.0003,OTHER,1,1,1,0,0.0,6.0,0.5,morning,418.41,0.0,0
630,4,0.0,630000.0,4278.1,1261.5,633.7,401594.7,0.0003,OTHER,1,1,1,0,0.0,6.0,0.5,night,427.81,0.0,0
102959,91,0.14,718009.7,634.6,1145.6,1242.3,1543417.3,0.0016,TCP,1,1,1,1,0.0,6.0,0.56,morning,63.46,0.0,0
578,4,0.0,570019.7,3944.8,1248.5,648.0,419846.7,0.0003,OTHER,1,1,1,0,0.0,6.0,0.5,night,394.48,0.0,0
54368,51,0.1,526383.1,493.8,1076.9,1098.4,1206586.5,0.0021,TCP,1,1,1,0,0.0,6.0,0.59,night,49.38,0.0,0
3847112,3288,1.48,2598215.0,2220.6,1172.3,1192.1,1421135.1,0.0005,TCP,1,1,1,0,0.0,6.0,0.56,evening,222.06,0.0,0
1341594,1042,0.51,2628262.6,2041.3,1289.2,1215.0,1476155.3,0.0005,TCP,1,1,1,1,0.0,6.0,0.61,afternoon,204.13,0.0,0
86554,101,0.15,560035.2,653.5,865.6,767.9,589739.3,0.0015,TCP,1,1,1,1,0.0,6.0,0.61,morning,65.35,0.0,0
98601,84,0.13,786185.3,669.8,1187.7,1099.6,1209109.9,0.0015,TCP,1,1,1,1,0.0,6.0,0.65,night,66.98,0.0,0
445223,331,0.32,1396116.7,1037.9,1349.8,959.9,921489.7,0.001,TCP,1,1,1,1,0.0,6.0,0.76,night,103.79,0.0,0
578,4,0.0,578000.0,4434.6,1248.5,648.0,419846.7,0.0003,OTHER,1,1,1,0,0.0,6.0,0.5,evening,443.46,0.0,0
984260,816,0.43,2281717.7,1891.7,1207.2,1197.3,1433566.5,0.0005,TCP,1,1,1,1,0.0,6.0,0.59,evening,189.17,0.0,0
578,4,0.0,564453.1,3906.2,1248.5,648.0,419846.7,0.0003,OTHER,1,1,1,0,0.0,6.0,0.5,afternoon,390.62,0.0,0
165459,143,0.19,886210.3,765.9,1163.1,872.9,762000.2,0.0013,TCP,1,1,1,1,0.0,6.0,0.73,afternoon,76.59,0.0,0
127377,126,0.17,744803.3,736.8,1020.0,1039.6,1080735.4,0.0014,TCP,1,1,1,1,0.0,6.0,0.57,evening,73.68,0.0,0
2860,4,0.0,2860000.0,5256.2,902.5,646.3,417720.0,0.0003,OTHER,1,1,1,0,0.0,6.0,0.5,morning,525.62,0.0,0
2820,4,0.0,2820000.0,5908.4,891.0,636.5,405073.2,0.0002,OTHER,1,1,1,0,0.0,6.0,0.5,evening,590.84,0.0,0
145953,115,0.22,657496.3,518.1,1274.5,1112.1,1236694.6,0.0019,TCP,1,1,1,1,0.0,6.0,0.69,afternoon,51.81,0.0,0
2545391,1929,3.51,725085.5,549.5,1326.3,1573.2,2475001.2,0.0018,TCP,1,1,1,0,0.0,6.0,0.55,morning,54.95,0.0,0
2884,4,0.0,2884000.0,5814.0,910.0,651.8,424830.0,0.0002,OTHER,1,1,1,0,0.0,6.0,0.5,night,581.4,0.0,0
2884,4,0.0,2884000.0,5208.3,910.0,651.8,424830.0,0.0003,OTHER,1,1,1,0,0.0,6.0,0.5,afternoon,520.83,0.0,0
655453030,511681,120.0,5462114.2,4264.0,1283.6,1277.1,1631051.6,0.0002,TCP,1,1,1,0,0.5,6.0,0.57,evening,426.4,0.0,0
129588,117,0.22,580927.1,524.5,1117.1,1051.3,1105250.0,0.0019,TCP,1,1,1,1,0.0,6.0,0.63,morning,52.45,0.0,0
766520,710,0.59,1296992.5,1201.4,1080.5,1193.0,1423276.7,0.0008,TCP,1,1,1,1,0.0,6.0,0.52,evening,120.14,0.0,0
578,4,0.0,578000.0,4032.3,1248.5,648.0,419846.7,0.0003,OTHER,1,1,1,0,0.0,6.0,0.5,evening,403.23,0.0,0
578,4,0.0,566666.7,3921.6,1248.5,648.0,419846.7,0.0003,OTHER,1,1,1,0,0.0,6.0,0.5,evening,392.16,0.0,0
192,4,0.0,192000.0,14545.5,1057.5,684.7,468750.0,0.0001,OTHER,1,1,1,0,0.0,6.0,0.5,morning,1454.55,0.0,0
630,4,0.0,630000.0,4171.0,1261.5,633.7,401594.7,0.0003,OTHER,1,1,1,0,0.0,6.0,0.5,evening,417.1,0.0,0
55486,28,0.0,11881370.4,5995.7,1982.1,962.7,926837.3,0.0002,TCP,1,1,1,1,1.0,6.0,0.96,afternoon,599.57,0.0,0
578,4,0.0,578000.0,4081.6,1248.5,648.0,419846.7,0.0003,OTHER,1,1,1,0,0.0,6.0,0.5,night,408.16,0.0,0
8290028,7138,5.02,1651406.3,1421.9,1161.5,1292.0,1669357.9,0.0007,TCP,1,1,1,1,0.0,6.0,0.51,afternoon,142.19,0.0,0
141036,133,0.18,790507.4,745.5,1065.1,1154.5,1332921.0,0.0014,TCP,1,1,1,1,0.0,6.0,0.56,evening,74.55,0.0,0
97871,90,0.16,613503.6,564.2,1104.6,1132.4,1282414.8,0.0018,TCP,1,1,1,1,0.0,6.0,0.57,morning,56.42,0.0,0
78399,77,0.14,543652.2,534.0,1030.3,1168.3,1364932.6,0.0019,TCP,1,1,1,1,0.0,6.0,0.56,night,53.4,0.0,0
369184,324,0.2,1826170.0,1602.7,1150.6,1128.2,1272944.8,0.0006,TCP,1,1,1,1,0.0,6.0,0.58,morning,160.27,0.0,0
2820,4,0.0,2820000.0,5121.6,891.0,636.5,405073.2,0.0003,OTHER,1,1,1,0,0.0,6.0,0.5,morning,512.16,0.0,0
2475497,2203,0.44,5596949.1,4980.8,1126.6,1044.2,1090303.5,0.0002,TCP,1,1,1,1,0.0,6.0,0.62,evening,498.08,0.0,0
2860,4,0.0,2860000.0,5988.0,902.5,646.3,417720.0,0.0002,OTHER,1,1,1,0,0.0,6.0,0.5,morning,598.8,0.0,0
2860,4,0.0,2860000.0,5181.3,902.5,646.3,417720.0,0.0003,OTHER,1,1,1,0,0.0,6.0,0.5,evening,518.13,0.0,0
165443,147,0.19,870363.3,773.3,1131.4,864.7,747765.3,0.0013,TCP,1,1,1,1,0.0,6.0,0.71,morning,77.33,0.0,0
102959,91,0.14,723321.3,639.3,1145.7,1278.8,1635431.1,0.0016,TCP,1,1,1,1,0.0,6.0,0.55,afternoon,63.93,0.0,0
217337,173,0.16,1322894.4,1053.0,1264.6,1279.6,1637370.2,0.001,TCP,1,1,1,1,0.0,6.0,0.59,afternoon,105.3,0.0,0
2860,4,0.0,2860000.0,5270.1,902.5,646.3,417720.0,0.0003,OTHER,1,1,1,0,0.0,6.0,0.5,evening,527.01,0.0,0
578,4,0.0,578000.0,4040.4,1248.5,648.0,419846.7,0.0003,OTHER,1,1,1,0,0.0,6.0,0.5,afternoon,404.04,0.0,0
460928,385,0.3,1556468.8,1300.1,1201.8,1237.7,1531850.0,0.0008,TCP,1,1,1,1,0.0,6.0,0.57,evening,130.01,0.0,0
44683,59,0.08,532561.8,703.2,778.9,848.3,719632.5,0.0014,TCP,1,1,1,1,0.0,6.0,0.54,morning,70.32,0.0,0
110284,90,0.2,556883.0,454.5,1236.0,1176.0,1382910.4,0.0022,TCP,1,1,1,1,0.0,6.0,0.64,afternoon,45.45,0.0,0
72900000,36724,27.59,2641798.4,1330.8,1985.9,2463.6,6069165.1,0.0008,TCP,1,1,1,0,0.0,6.0,0.55,evening,133.08,0.0,0
110185,114,0.14,773439.7,800.2,978.4,1090.9,1190007.0,0.0013,TCP,1,1,1,1,0.0,6.0,0.54,evening,80.02,0.0,0
578,4,0.0,578000.0,4069.2,1248.5,648.0,419846.7,0.0003,OTHER,1,1,1,0,0.0,6.0,0.5,morning,406.92,0.0,0
203505,204,0.33,609378.5,610.9,1001.7,957.7,917123.1,0.0016,TCP,1,1,1,1,0.0,6.0,0.6,night,61.09,0.0,0
2836,4,0.0,2836000.0,6220.8,900.2,637.0,405770.7,0.0002,OTHER,1,1,1,0,0.0,6.0,0.5,afternoon,622.08,0.0,0
630,4,0.0,630000.0,4315.0,1261.5,633.7,401594.7,0.0003,OTHER,1,1,1,0,0.0,6.0,0.5,night,431.5,0.0,0
578,4,0.0,553639.8,3831.4,1248.5,648.0,419846.7,0.0003,OTHER,1,1,1,0,0.0,6.0,0.5,afternoon,383.14,0.0,0
198566,91,0.02,8017685.5,3674.4,2182.2,930.0,864823.4,0.0003,TCP,1,1,1,1,1.0,6.0,0.99,evening,367.44,0.0,0
165422,161,0.2,831517.0,809.3,1032.9,812.6,660333.6,0.0012,TCP,1,1,1,1,0.0,6.0,0.68,morning,80.93,0.0,0
223589,181,0.12,1906958.7,1543.7,1240.3,1267.5,1606672.9,0.0007,TCP,1,1,1,0,0.0,6.0,0.57,morning,154.37,0.0,0
109772,108,0.13,816124.4,803.0,1024.1,1081.8,1170388.5,0.0013,TCP,1,1,1,1,0.0,6.0,0.57,evening,80.3,0.0,0
2820,4,0.0,2820000.0,5722.5,891.0,636.5,405073.2,0.0002,OTHER,1,1,1,0,0.0,6.0,0.5,evening,572.25,0.0,0
2884,4,0.0,2884000.0,5263.2,910.0,651.8,424830.0,0.0003,OTHER,1,1,1,0,0.0,6.0,0.5,evening,526.32,0.0,0
165443,167,0.22,742139.8,749.1,995.9,835.7,698387.4,0.0013,TCP,1,1,1,1,0.0,6.0,0.65,morning,74.91,0.0,0
83532,86,0.1,798470.6,822.1,976.8,762.5,581357.8,0.0012,TCP,1,1,1,0,0.0,6.0,0.66,night,82.21,0.0,0
165385,167,0.18,925184.2,934.2,995.5,838.5,703121.1,0.0011,TCP,1,1,1,1,0.0,6.0,0.65,night,93.42,0.0,0
2860,4,0.0,2860000.0,6006.0,902.5,646.3,417720.0,0.0002,OTHER,1,1,1,0,0.0,6.0,0.5,morning,600.6,0.0,0
2065,4,0.0,2065000.0,43010.8,516.2,637.3,406137.0,0.0,OTHER,1,1,1,0,1.0,6.0,0.75,evening,4301.08,0.0,0
2796,4,0.0,2796000.0,6015.0,889.5,626.6,392620.8,0.0002,OTHER,1,1,1,0,0.0,6.0,0.5,afternoon,601.5,0.0,0
3005323,3132,0.66,4520186.7,4710.7,961.4,986.5,973205.6,0.0002,TCP,1,1,1,1,0.0,6.0,0.56,evening,471.07,0.0,0
2604,4,0.0,2604000.0,11299.4,1698.8,52.0,2707.5,0.0001,OTHER,1,1,1,0,0.0,6.0,0.5,evening,1129.94,0.0,0
110185,102,0.14,772680.4,715.3,1093.0,1188.7,1413028.1,0.0014,TCP,1,1,1,1,0.0,6.0,0.56,evening,71.53,0.0,0
2860,4,0.0,2860000.0,5502.1,902.5,646.3,417720.0,0.0002,OTHER,1,1,1,0,0.0,6.0,0.5,evening,550.21,0.0,0
797570,726,0.55,1462215.8,1331.0,1099.4,1165.6,1358546.1,0.0008,TCP,1,1,1,1,0.0,6.0,0.54,night,133.1,0.0,0
2860,4,0.0,2860000.0,5649.7,902.5,646.3,417720.0,0.0002,OTHER,1,1,1,0,0.0,6.0,0.5,night,564.97,0.0,0
108751,109,0.14,758560.3,760.3,1009.8,1081.1,1168836.0,0.0013,TCP,1,1,1,1,0.0,6.0,0.56,evening,76.03,0.0,0
24400000,19730,17.29,1411486.9,1141.3,1237.7,1290.7,1665832.6,0.0009,TCP,1,1,1,0,0.0,6.0,0.55,afternoon,114.13,0.0,0
98601,93,0.14,694475.9,655.0,1074.3,1216.6,1480061.2,0.0015,TCP,1,1,1,1,0.0,6.0,0.57,afternoon,65.5,0.0,0
2884,4,0.0,2884000.0,4750.6,910.0,651.8,424830.0,0.0003,OTHER,1,1,1,0,0.0,6.0,0.5,evening,475.06,0.0,0
2860,4,0.0,2860000.0,6677.8,902.5,646.3,417720.0,0.0002,OTHER,1,1,1,0,0.0,6.0,0.5,evening,667.78,0.0,0
225506,218,0.23,970076.8,937.8,1039.4,1199.4,1438585.1,0.0011,TCP,1,1,1,1,0.0,6.0,0.52,morning,93.78,0.0,0
762616,754,0.61,1242088.1,1228.1,1012.2,1210.5,1465344.1,0.0008,TCP,1,1,1,1,0.0,6.0,0.49,afternoon,122.81,0.0,0
86533,97,0.15,567466.7,636.1,901.1,763.0,582146.9,0.0016,TCP,1,1,1,1,0.0,6.0,0.64,evening,63.61,0.0,0
54419,48,0.1,529604.7,467.1,1144.1,1208.1,1459455.7,0.0022,TCP,1,1,1,0,0.0,6.0,0.6,night,46.71,0.0,0
165422,143,0.19,867078.0,749.6,1162.9,870.9,758529.4,0.0013,TCP,1,1,1,1,0.0,6.0,0.73,night,74.96,0.0,0
105120,67,0.13,799714.0,509.7,1575.6,1225.6,1502007.8,0.002,TCP,1,1,1,0,0.0,6.0,0.75,morning,50.97,0.0,0
6,2,0.0,6000.0,500000.0,1732.0,994.8,989576.3,0.0,OTHER,1,1,1,0,1.0,6.0,0.5,afternoon,50000.0,0.0,0
2860,4,0.0,2860000.0,5649.7,902.5,646.3,417720.0,0.0002,OTHER,1,1,1,0,0.0,6.0,0.5,afternoon,564.97,0.0,0
2682,4,0.0,2682000.0,55555.6,670.5,895.3,801572.3,0.0,OTHER,1,1,1,0,1.0,6.0,0.75,morning,5555.56,0.0,0
2820,4,0.0,2820000.0,5442.2,891.0,636.5,405073.2,0.0002,OTHER,1,1,1,0,0.0,6.0,0.5,morning,544.22,0.0,0
88733,81,0.17,533786.9,487.3,1117.9,1076.2,1158155.3,0.0021,TCP,1,1,1,1,0.0,6.0,0.65,morning,48.73,0.0,0
259892,224,0.32,815470.3,702.9,1164.0,1188.1,1411479.6,0.0014,TCP,1,1,1,0,0.0,6.0,0.57,afternoon,70.29,0.0,0
54426,50,0.11,517662.5,475.6,1100.6,1128.7,1273878.6,0.0021,TCP,1,1,1,0,0.0,6.0,0.58,morning,47.56,0.0,0
2884,4,0.0,2884000.0,5586.6,910.0,651.8,424830.0,0.0002,OTHER,1,1,1,0,0.0,6.0,0.5,morning,558.66,0.0,0
2860,4,0.0,2860000.0,5284.0,902.5,646.3,417720.0,0.0003,OTHER,1,1,1,0,0.0,6.0,0.5,morning,528.4,0.0,0
2860,4,0.0,2860000.0,5025.1,902.5,646.3,417720.0,0.0003,OTHER,1,1,1,0,0.0,6.0,0.5,evening,502.51,0.0,0
86554,102,0.15,596771.9,703.3,857.1,733.2,537517.7,0.0014,TCP,1,1,1,1,0.0,6.0,0.63,morning,70.33,0.0,0
338005,291,0.58,581181.0,500.4,1162.1,1245.4,1551056.1,0.002,TCP,1,1,1,0,0.0,6.0,0.54,evening,50.04,0.0,0
44896,44,0.08,555334.3,544.3,1028.6,1099.7,1209235.0,0.0019,TCP,1,1,1,0,0.0,6.0,0.57,afternoon,54.43,0.0,0
139548,121,0.18,772614.0,669.9,1158.5,1131.7,1280731.5,0.0015,TCP,1,1,1,1,0.0,6.0,0.62,morning,66.99,0.0,0
2860,4,0.0,2860000.0,5730.7,902.5,646.3,417720.0,0.0002,OTHER,1,1,1,0,0.0,6.0,0.5,night,573.07,0.0,0
2884,4,0.0,2884000.0,5689.9,910.0,651.8,424830.0,0.0002,OTHER,1,1,1,0,0.0,6.0,0.5,morning,568.99,0.0,0
2668,4,0.0,2668000.0,5277.0,844.0,601.4,361681.2,0.0003,OTHER,1,1,1,0,0.0,6.0,0.5,afternoon,527.7,0.0,0
2820,11,0.0,2820000.0,21359.2,512.0,689.9,476021.9,0.0001,OTHER,1,1,1,0,0.0,6.0,0.36,afternoon,2135.92,0.0,0
233299,184,0.35,661025.4,521.3,1272.6,928.8,862663.9,0.0019,TCP,1,1,1,1,0.0,6.0,0.76,night,52.13,0.0,0
165459,139,0.24,702258.0,590.0,1196.6,938.7,881078.3,0.0017,TCP,1,1,1,1,0.0,6.0,0.73,evening,59.0,0.0,0
2796,4,0.0,2796000.0,5602.2,889.5,626.6,392620.8,0.0002,OTHER,1,1,1,0,0.0,6.0,0.5,morning,560.22,0.0,0
538991,496,0.24,2272172.0,2090.9,1090.6,752.0,565530.5,0.0005,TCP,1,1,1,1,0.0,6.0,0.71,morning,209.09,0.0,0
269832,226,0.18,1468913.1,1230.3,1206.2,1225.7,1502232.5,0.0008,TCP,1,1,1,1,0.0,6.0,0.58,night,123.03,0.0,0
54402,50,0.11,514673.3,473.0,1097.8,1092.3,1193169.0,0.0022,TCP,1,1,1,0,0.0,6.0,0.6,evening,47.3,0.0,0
54679,53,0.11,513866.6,498.1,1041.0,1198.9,1437383.8,0.002,TCP,1,1,1,0,0.0,6.0,0.53,afternoon,49.81,0.0,0
165443,132,0.25,650341.6,518.9,1260.0,1011.2,1022505.3,0.0019,TCP,1,1,1,1,0.0,6.0,0.73,afternoon,51.89,0.0,0
127561,125,0.24,540276.9,529.4,1026.9,1070.9,1146862.9,0.0019,TCP,1,1,1,1,0.0,6.0,0.58,morning,52.94,0.0,0
65666,78,0.12,537673.0,638.7,858.2,708.9,502505.2,0.0016,TCP,1,1,1,1,0.0,6.0,0.64,afternoon,63.87,0.0,0
55667,70,0.11,528777.0,664.9,813.4,746.7,557586.0,0.0015,TCP,1,1,1,1,0.0,6.0,0.61,evening,66.49,0.0,0
2820,4,0.0,2820000.0,4836.8,891.0,636.5,405073.2,0.0003,OTHER,1,1,1,0,0.0,6.0,0.5,morning,483.68,0.0,0
2884,4,0.0,2884000.0,5822.4,909.2,652.3,425544.3,0.0002,OTHER,1,1,1,0,0.0,6.0,0.5,afternoon,582.24,0.0,0
630,4,0.0,630000.0,4056.8,1261.5,633.7,401594.7,0.0003,OTHER,1,1,1,0,0.0,6.0,0.5,afternoon,405.68,0.0,0
2884,4,0.0,2884000.0,5586.6,910.0,651.8,424830.0,0.0002,OTHER,1,1,1,0,0.0,6.0,0.5,evening,558.66,0.0,0
70939,50,0.09,788062.3,555.5,1426.3,1112.0,1236518.4,0.0018,TCP,1,1,1,0,0.0,6.0,0.74,evening,55.55,0.0,0
627047905,416119,74.74,8389754.4,5567.6,1509.4,1836.4,3372412.5,0.0002,TCP,1,1,1,0,0.0,6.0,0.54,night,556.76,0.0,0
14500000,11422,2.31,6264326.9,4934.6,1268.2,1425.6,2032441.1,0.0002,TCP,1,1,1,0,0.0,6.0,0.51,night,493.46,0.0,0
2884,4,0.0,2884000.0,5383.6,910.0,651.8,424830.0,0.0002,OTHER,1,1,1,0,0.0,6.0,0.5,morning,538.36,0.0,0
18000000,16605,12.77,1409177.8,1300.0,1086.6,1282.2,1644144.5,0.0008,TCP,1,1,1,0,0.0,6.0,0.47,afternoon,130.0,0.0,0
630,4,0.0,630000.0,4237.3,1261.5,633.7,401594.7,0.0003,OTHER,1,1,1,0,0.0,6.0,0.5,afternoon,423.73,0.0,0
630,4,0.0,630000.0,4343.1,1261.5,633.7,401594.7,0.0003,OTHER,1,1,1,0,0.0,6.0,0.5,evening,434.31,0.0,0
346243,346,0.68,511839.4,511.5,1004.5,1196.4,1431344.5,0.002,TCP,1,1,1,1,0.0,6.0,0.49,evening,51.15,0.0,0
578,4,0.0,578000.0,4158.0,1248.5,648.0,419846.7,0.0003,OTHER,1,1,1,0,0.0,6.0,0.5,evening,415.8,0.0,0
2884,11,0.0,2579606.4,9839.0,523.5,705.5,497665.8,0.0001,OTHER,1,1,1,0,0.0,6.0,0.36,night,983.9,0.0,0
165385,183,0.28,588529.4,651.2,908.5,729.3,531829.0,0.0015,TCP,1,1,1,1,0.0,6.0,0.64,afternoon,65.12,0.0,0
86554,95,0.17,520275.1,571.0,920.3,883.3,780168.4,0.0018,TCP,1,1,1,1,0.0,6.0,0.61,afternoon,57.1,0.0,0
2884,4,0.0,2884000.0,5722.5,910.0,651.8,424830.0,0.0002,OTHER,1,1,1,0,0.0,6.0,0.5,evening,572.25,0.0,0
578,4,0.0,578000.0,4179.7,1248.5,648.0,419846.7,0.0003,OTHER,1,1,1,0,0.0,6.0,0.5,evening,417.97,0.0,0
165385,171,0.23,722501.8,747.0,972.3,870.7,758095.5,0.0013,TCP,1,1,1,1,0.0,6.0,0.63,morning,74.7,0.0,0
658,4,0.0,658000.0,4040.4,1268.5,626.0,391934.7,0.0003,OTHER,1,1,1,0,0.0,6.0,0.5,morning,404.04,0.0,0
2860,4,0.0,2860000.0,5814.0,902.5,646.3,417720.0,0.0002,OTHER,1,1,1,0,0.0,6.0,0.5,morning,581.4,0.0,0
137740,103,0.21,645972.2,483.0,1343.4,1255.3,1575695.1,0.0021,TCP,1,1,1,1,0.0,6.0,0.66,evening,48.3,0.0,0
104393,108,0.14,731028.1,756.3,978.9,1073.8,1153006.2,0.0013,TCP,1,1,1,1,0.0,6.0,0.55,night,75.63,0.0,0
170,4,0.0,170000.0,12987.0,1044.5,685.2,469500.3,0.0001,OTHER,1,1,1,0,0.0,6.0,0.5,evening,1298.7,0.0,0
2065,4,0.0,2065000.0,43010.8,516.2,641.2,411195.0,0.0,OTHER,1,1,1,0,1.0,6.0,0.75,morning,4301.08,0.0,0
1156939,1141,1.1,1048336.6,1033.9,1024.9,821.0,674055.5,0.001,TCP,1,1,1,1,0.0,6.0,0.64,morning,103.39,0.0,0
1685374,1451,2.78,605280.5,521.1,1173.8,1138.5,1296117.5,0.0019,TCP,1,1,1,1,0.0,6.0,0.59,evening,52.11,0.0,0
75939,79,0.13,592315.6,616.2,973.4,1068.4,1141426.3,0.0016,TCP,1,1,1,1,0.0,6.0,0.59,afternoon,61.62,0.0,0
54411,50,0.1,529526.8,486.6,1098.2,1249.9,1562290.7,0.0021,TCP,1,1,1,0,0.0,6.0,0.54,morning,48.66,0.0,0
2884,4,0.0,2884000.0,5376.3,910.0,651.8,424830.0,0.0002,OTHER,1,1,1,0,0.0,6.0,0.5,morning,537.63,0.0,0
165443,162,0.26,647293.3,633.8,1026.6,838.9,703763.4,0.0016,TCP,1,1,1,1,0.0,6.0,0.67,night,63.38,0.0,0
86533,87,0.15,558508.0,561.5,1004.6,876.3,767878.1,0.0018,TCP,1,1,1,1,0.0,6.0,0.67,evening,56.15,0.0,0
113081,113,0.14,788284.6,787.7,1012.4,1033.3,1067653.7,0.0013,TCP,1,1,1,1,0.0,6.0,0.58,night,78.77,0.0,0
2820,11,0.0,2820000.0,22088.4,507.5,687.2,472178.3,0.0,OTHER,1,1,1,0,0.0,6.0,0.36,evening,2208.84,0.0,0
2065,4,0.0,2065000.0,42105.3,516.2,637.3,406137.0,0.0,OTHER,1,1,1,0,1.0,6.0,0.75,afternoon,4210.53,0.0,0
2071,4,0.0,2071000.0,153846.2,520.8,638.3,407488.8,0.0,OTHER,1,1,1,0,1.0,6.0,0.75,afternoon,15384.62,0.0,0
2860,4,0.0,2860000.0,5420.1,902.5,646.3,417720.0,0.0002,OTHER,1,1,1,0,0.0,6.0,0.5,morning,542.01,0.0,0
578,4,0.0,578000.0,4024.1,1248.5,648.0,419846.7,0.0003,OTHER,1,1,1,0,0.0,6.0,0.5,night,402.41,0.0,0
116147,107,0.17,691981.4,637.5,1098.6,1149.8,1322048.7,0.0016,TCP,1,1,1,1,0.0,6.0,0.57,morning,63.75,0.0,0
630,4,0.0,630000.0,4145.1,1261.5,633.7,401594.7,0.0003,OTHER,1,1,1,0,0.0,6.0,0.5,afternoon,414.51,0.0,0
2860,4,0.0,2860000.0,5706.1,902.5,646.3,417720.0,0.0002,OTHER,1,1,1,0,0.0,6.0,0.5,evening,570.61,0.0,0
2884,4,0.0,2884000.0,5056.9,910.0,651.8,424830.0,0.0003,OTHER,1,1,1,0,0.0,6.0,0.5,afternoon,505.69,0.0,0
2065,4,0.0,2065000.0,50000.0,516.2,637.3,406137.0,0.0,OTHER,1,1,1,0,1.0,6.0,0.75,afternoon,5000.0,0.0,0
2856,4,0.0,2856000.0,6201.6,903.8,643.6,414187.5,0.0002,OTHER,1,1,1,0,0.0,6.0,0.5,night,620.16,0.0,0
2065,4,0.0,2065000.0,400000.0,516.2,637.3,406137.0,0.0,OTHER,1,1,1,0,1.0,6.0,0.75,morning,40000.0,0.0,0
142709,107,0.17,826464.9,619.7,1340.2,1141.5,1302929.7,0.0016,TCP,1,1,1,1,0.0,6.0,0.7,afternoon,61.97,0.0,0
161566,178,0.28,577733.3,636.5,911.4,710.5,504749.6,0.0016,TCP,1,1,1,1,0.0,6.0,0.65,afternoon,63.65,0.0,0
181644,156,0.31,589422.2,506.2,1172.2,1131.1,1279313.4,0.002,TCP,1,1,1,1,0.0,6.0,0.64,evening,50.62,0.0,0
2668,4,0.0,2668000.0,5479.5,844.0,601.4,361681.2,0.0002,OTHER,1,1,1,0,0.0,6.0,0.5,night,547.95,0.0,0
15896,19,0.0,10835719.2,12951.6,836.9,877.1,769219.6,0.0001,TCP,1,1,1,1,1.0,6.0,0.53,afternoon,1295.16,0.0,0
75678,88,0.12,613234.2,713.1,872.2,903.1,815520.3,0.0014,TCP,1,1,1,1,0.0,6.0,0.58,afternoon,71.31,0.0,0
90780,100,0.17,524315.6,577.6,918.0,950.9,904249.5,0.0017,TCP,1,1,1,1,0.0,6.0,0.57,night,57.76,0.0,0
170,4,0.0,170000.0,15936.3,1044.5,685.2,469500.3,0.0001,OTHER,1,1,1,0,0.0,6.0,0.5,afternoon,1593.63,0.0,0
53952,60,0.1,536216.9,596.3,904.2,927.5,860208.7,0.0017,TCP,1,1,1,0,0.0,6.0,0.57,evening,59.63,0.0,0
21827,22,0.02,1402403.0,1413.5,1013.5,1345.1,1809372.9,0.0007,TCP,1,1,1,0,0.0,6.0,0.55,morning,141.35,0.0,0
81145,85,0.16,520680.9,545.4,967.8,1108.2,1228067.9,0.0019,TCP,1,1,1,1,0.0,6.0,0.54,night,54.54,0.0,0
2820,11,0.0,2820000.0,15320.3,509.3,686.3,470996.0,0.0001,OTHER,1,1,1,0,0.0,6.0,0.36,night,1532.03,0.0,0
2820,4,0.0,2820000.0,4825.1,891.0,636.5,405073.2,0.0003,OTHER,1,1,1,0,0.0,6.0,0.5,morning,482.51,0.0,0
110185,110,0.14,768203.7,766.9,1013.8,1077.1,1160048.6,0.0013,TCP,1,1,1,1,0.0,6.0,0.55,afternoon,76.69,0.0,0
2612,4,0.0,2612000.0,4944.4,1640.0,5.5,30.0,0.0003,OTHER,1,1,1,0,0.0,6.0,0.5,morning,494.44,0.0,0
2820,4,0.0,2820000.0,5722.5,891.0,636.5,405073.2,0.0002,OTHER,1,1,1,0,0.0,6.0,0.5,morning,572.25,0.0,0
95705,81,0.13,764844.6,647.3,1196.0,1200.9,1442048.9,0.0016,TCP,1,1,1,1,0.0,6.0,0.62,evening,64.73,0.0,0
165385,160,0.21,804714.9,778.5,1039.1,798.2,637154.0,0.0013,TCP,1,1,1,1,0.0,6.0,0.69,evening,77.85,0.0,0
2796,4,0.0,2796000.0,6289.3,889.5,626.6,392620.8,0.0002,OTHER,1,1,1,0,0.0,6.0,0.5,evening,628.93,0.0,0
165422,139,0.23,730101.4,613.5,1196.4,1010.3,1020725.3,0.0016,TCP,1,1,1,1,0.0,6.0,0.71,night,61.35,0.0,0
630,4,0.0,630000.0,4056.8,1261.5,633.7,401594.7,0.0003,OTHER,1,1,1,0,0.0,6.0,0.5,evening,405.68,0.0,0
2868,11,0.0,2868000.0,22222.2,517.8,697.9,487015.3,0.0,OTHER,1,1,1,0,0.0,6.0,0.36,night,2222.22,0.0,0
165443,166,0.2,839105.1,841.9,1001.9,814.8,663963.1,0.0012,TCP,1,1,1,1,0.0,6.0,0.66,afternoon,84.19,0.0,0
2780,11,0.0,2755203.2,10901.9,502.5,677.2,458563.0,0.0001,OTHER,1,1,1,0,0.0,6.0,0.36,evening,1090.19,0.0,0
2884,4,0.0,2884000.0,5882.4,910.0,651.8,424830.0,0.0002,OTHER,1,1,1,0,0.0,6.0,0.5,evening,588.24,0.0,0
105841,108,0.19,566106.7,577.7,992.4,1106.2,1223672.4,0.0017,TCP,1,1,1,1,0.0,6.0,0.56,evening,57.77,0.0,0
146000,117,0.08,1840715.1,1475.1,1247.9,1331.1,1771855.8,0.0007,TCP,1,1,1,0,0.0,6.0,0.54,morning,147.51,0.0,0
578,4,0.0,578000.0,4132.2,1248.5,648.0,419846.7,0.0003,OTHER,1,1,1,0,0.0,6.0,0.5,night,413.22,0.0,0
108751,102,0.14,763497.1,716.1,1079.2,1209.8,1463720.5,0.0014,TCP,1,1,1,1,0.0,6.0,0.56,evening,71.61,0.0,0
658,4,0.0,658000.0,4319.7,1268.5,626.0,391934.7,0.0003,OTHER,1,1,1,0,0.0,6.0,0.5,evening,431.97,0.0,0
138844,119,0.19,747373.2,640.6,1172.0,1129.5,1275761.5,0.0016,TCP,1,1,1,1,0.0,6.0,0.61,morning,64.06,0.0,0
102349,70,0.13,814562.8,557.1,1479.7,1201.3,1443126.3,0.0018,TCP,1,1,1,1,0.0,6.0,0.76,afternoon,55.71,0.0,0
2065,4,0.0,2065000.0,51948.1,516.2,637.3,406137.0,0.0,OTHER,1,1,1,0,1.0,6.0,0.75,afternoon,5194.81,0.0,0
80873,102,0.1,835542.6,1053.8,802.7,710.5,504829.4,0.001,TCP,1,1,1,1,0.0,6.0,0.61,night,105.38,0.0,0
2836,11,0.0,2227808.3,8641.0,513.6,692.2,479105.1,0.0001,OTHER,1,1,1,0,0.0,6.0,0.36,evening,864.1,0.0,0
630,4,0.0,630000.0,4128.0,1261.5,633.7,401594.7,0.0003,OTHER,1,1,1,0,0.0,6.0,0.5,evening,412.8,0.0,0
693109,494,0.25,2729796.6,1945.6,1404.7,1168.1,1364355.7,0.0005,TCP,1,1,1,1,0.0,6.0,0.72,afternoon,194.56,0.0,0
200846,164,0.32,623964.3,509.5,1231.9,1278.4,1634377.5,0.002,TCP,1,1,1,1,0.0,6.0,0.58,night,50.95,0.0,0
578,4,0.0,572277.2,3960.4,1248.5,648.0,419846.7,0.0003,OTHER,1,1,1,0,0.0,6.0,0.5,afternoon,396.04,0.0,0
578,4,0.0,578000.0,4250.8,1248.5,648.0,419846.7,0.0003,OTHER,1,1,1,0,0.0,6.0,0.5,afternoon,425.08,0.0,0
2884,4,0.0,2884000.0,5738.9,910.0,651.8,424830.0,0.0002,OTHER,1,1,1,0,0.0,6.0,0.5,night,573.89,0.0,0
624,4,0.0,624000.0,4077.5,1260.0,635.4,403680.0,0.0003,OTHER,1,1,1,0,0.0,6.0,0.5,afternoon,407.75,0.0,0
578,4,0.0,578000.0,4175.4,1248.5,648.0,419846.7,0.0003,OTHER,1,1,1,0,0.0,6.0,0.5,evening,417.54,0.0,0
416565,364,0.27,1569698.4,1371.6,1149.6,1217.3,1481793.4,0.0007,TCP,1,1,1,1,0.0,6.0,0.56,afternoon,137.16,0.0,0
2884,4,0.0,2884000.0,5188.1,910.0,651.8,424830.0,0.0003,OTHER,1,1,1,0,0.0,6.0,0.5,night,518.81,0.0,0
108737,100,0.19,565252.2,519.8,1100.6,1279.6,1637334.3,0.0019,TCP,1,1,1,1,0.0,6.0,0.54,night,51.98,0.0,0
105841,104,0.19,557991.8,548.3,1030.4,1163.3,1353332.2,0.0018,TCP,1,1,1,1,0.0,6.0,0.55,evening,54.83,0.0,0
92462,81,0.14,668957.7,586.0,1154.3,1191.5,1419779.0,0.0017,TCP,1,1,1,1,0.0,6.0,0.6,afternoon,58.6,0.0,0
2848,4,0.0,2848000.0,6192.0,886.8,652.3,425544.3,0.0002,OTHER,1,1,1,0,0.0,6.0,0.5,morning,619.2,0.0,0
630,4,0.0,630000.0,4004.0,1261.5,633.7,401594.7,0.0003,OTHER,1,1,1,0,0.0,6.0,0.5,night,400.4,0.0,0
165723,157,0.29,563070.8,533.4,1063.3,1171.9,1373281.9,0.0019,TCP,1,1,1,1,0.0,6.0,0.55,afternoon,53.34,0.0,0
165422,145,0.33,508781.0,446.0,1146.8,762.6,581596.1,0.0023,TCP,1,1,1,1,0.0,6.0,0.77,afternoon,44.6,0.0,0
2820,11,0.0,2820000.0,16793.9,512.0,689.9,476021.9,0.0001,OTHER,1,1,1,0,0.0,6.0,0.36,morning,1679.39,0.0,0
169983,138,0.26,641813.4,521.1,1239.5,1185.7,1405808.7,0.0019,TCP,1,1,1,1,0.0,6.0,0.65,afternoon,52.11,0.0,0
54692,53,0.11,512394.8,496.5,1043.4,1034.0,1069060.0,0.0021,TCP,1,1,1,0,0.0,6.0,0.6,night,49.65,0.0,0
2588,4,0.0,2378676.5,3676.5,1662.5,32.9,1080.0,0.0004,OTHER,1,1,1,0,0.0,6.0,0.5,afternoon,367.65,0.0,0
2884,4,0.0,2884000.0,5988.0,910.0,651.8,424830.0,0.0002,OTHER,1,1,1,0,0.0,6.0,0.5,morning,598.8,0.0,0
98601,81,0.13,787057.6,646.6,1231.7,1164.6,1356309.5,0.0016,TCP,1,1,1,1,0.0,6.0,0.65,afternoon,64.66,0.0,0
165443,159,0.19,876770.0,842.6,1046.0,812.9,660858.0,0.0012,TCP,1,1,1,1,0.0,6.0,0.69,morning,84.26,0.0,0
55543,65,0.11,517396.2,605.5,882.1,840.6,706669.8,0.0017,TCP,1,1,1,0,0.0,6.0,0.58,evening,60.55,0.0,0
445201,453,0.23,1968626.7,2003.1,987.1,679.1,461165.7,0.0005,TCP,1,1,1,1,0.0,6.0,0.68,evening,200.31,0.0,0
105855,102,0.14,740918.3,713.9,1050.7,1165.9,1359282.2,0.0014,TCP,1,1,1,1,0.0,6.0,0.55,evening,71.39,0.0,0
2820,4,0.0,2820000.0,4333.7,891.0,636.5,405073.2,0.0003,OTHER,1,1,1,0,0.0,6.0,0.5,afternoon,433.37,0.0,0
117353,95,0.19,623362.6,504.6,1244.8,1496.0,2238041.6,0.002,TCP,1,1,1,1,0.0,6.0,0.53,evening,50.46,0.0,0
102959,104,0.14,720617.9,727.9,1002.7,1099.1,1208037.8,0.0014,TCP,1,1,1,1,0.0,6.0,0.54,afternoon,72.79,0.0,0
2820,11,0.0,2820000.0,20794.0,509.1,686.0,470663.3,0.0001,OTHER,1,1,1,0,0.0,6.0,0.36,evening,2079.4,0.0,0
282248,242,0.25,1112732.7,954.1,1172.8,1246.9,1554692.2,0.0011,TCP,1,1,1,1,0.0,6.0,0.57,morning,95.41,0.0,0
2820,4,0.0,1000354.7,1418.9,890.2,637.0,405770.7,0.0009,OTHER,1,1,1,0,0.0,6.0,0.5,afternoon,141.89,0.0,0
376027,376,0.36,1048714.3,1048.6,1004.4,884.8,782823.2,0.001,TCP,1,1,1,1,0.0,6.0,0.62,morning,104.86,0.0,0
165422,145,0.32,520095.2,455.9,1146.8,758.5,575265.3,0.0022,TCP,1,1,1,1,0.0,6.0,0.77,morning,45.59,0.0,0
95705,94,0.12,775554.7,761.7,1032.1,1166.8,1361495.2,0.0013,TCP,1,1,1,1,0.0,6.0,0.53,night,76.17,0.0,0
2860,4,0.0,2860000.0,4807.7,902.5,646.3,417720.0,0.0003,OTHER,1,1,1,0,0.0,6.0,0.5,evening,480.77,0.0,0
72307,68,0.11,678219.4,637.8,1072.9,1158.5,1342137.0,0.0016,TCP,1,1,1,1,0.0,6.0,0.57,night,63.78,0.0,0
1420580,1097,0.33,4355229.4,3363.2,1295.5,1292.9,1671557.4,0.0003,TCP,1,1,1,0,0.0,6.0,0.57,afternoon,336.32,0.0,0
165422,141,0.31,538050.5,458.6,1179.4,853.6,728710.7,0.0022,TCP,1,1,1,1,0.0,6.0,0.75,night,45.86,0.0,0
2860,4,0.0,2860000.0,5201.6,902.5,646.3,417720.0,0.0003,OTHER,1,1,1,0,0.0,6.0,0.5,evening,520.16,0.0,0
62558387,41014,65.28,958283.6,628.3,1527.8,1745.1,3045211.2,0.0016,TCP,1,1,1,1,0.0,6.0,0.56,afternoon,62.83,0.0,0
2796,4,0.0,2796000.0,5291.0,889.5,626.6,392620.8,0.0003,OTHER,1,1,1,0,0.0,6.0,0.5,afternoon,529.1,0.0,0
2820,11,0.0,2820000.0,20599.3,510.4,691.0,477545.6,0.0001,OTHER,1,1,1,0,0.0,6.0,0.36,night,2059.93,0.0,0
880464,705,0.58,1529621.7,1224.8,1249.8,1156.2,1336843.0,0.0008,TCP,1,1,1,1,0.0,6.0,0.64,evening,122.48,0.0,0
126967,136,0.18,693236.7,742.6,938.2,1156.6,1337626.7,0.0014,TCP,1,1,1,1,0.0,6.0,0.49,morning,74.26,0.0,0
2830,11,0.0,2830000.0,11167.5,511.3,689.0,474715.0,0.0001,OTHER,1,1,1,0,0.0,6.0,0.36,afternoon,1116.75,0.0,0
110284,93,0.2,557815.4,470.4,1196.6,1181.6,1396228.3,0.0021,TCP,1,1,1,1,0.0,6.0,0.62,morning,47.04,0.0,0
165422,172,0.22,763731.7,794.1,966.8,923.0,851868.1,0.0013,TCP,1,1,1,1,0.0,6.0,0.6,night,79.41,0.0,0
578,4,0.0,570582.4,3948.7,1248.5,648.0,419846.7,0.0003,OTHER,1,1,1,0,0.0,6.0,0.5,evening,394.87,0.0,0
2884,11,0.0,2633790.0,10045.7,523.5,705.5,497665.8,0.0001,OTHER,1,1,1,0,0.0,6.0,0.36,afternoon,1004.57,0.0,0
71889,84,0.14,518941.7,606.4,865.8,1042.9,1087655.4,0.0017,TCP,1,1,1,1,0.0,6.0,0.56,night,60.64,0.0,0
2065,4,0.0,2065000.0,43956.0,516.2,637.3,406137.0,0.0,OTHER,1,1,1,0,1.0,6.0,0.75,evening,4395.6,0.0,0
93589,81,0.13,733099.9,634.5,1171.9,1221.9,1493100.9,0.0016,TCP,1,1,1,1,0.0,6.0,0.59,afternoon,63.45,0.0,0
40236,56,0.08,501608.2,698.1,741.0,805.2,648360.5,0.0015,TCP,1,1,1,1,0.0,6.0,0.55,evening,69.81,0.0,0
2860,4,0.0,2860000.0,6015.0,902.5,646.3,417720.0,0.0002,OTHER,1,1,1,0,0.0,6.0,0.5,night,601.5,0.0,0
2065,4,0.0,2065000.0,43478.3,516.2,637.3,406137.0,0.0,OTHER,1,1,1,0,1.0,6.0,0.75,evening,4347.83,0.0,0
165422,143,0.21,783983.1,677.7,1162.9,826.0,682213.0,0.0015,TCP,1,1,1,1,0.0,6.0,0.75,afternoon,67.77,0.0,0
108751,107,0.14,758655.6,746.4,1028.7,1082.5,1171886.4,0.0014,TCP,1,1,1,1,0.0,6.0,0.56,evening,74.64,0.0,0
491002,424,0.35,1401333.4,1210.1,1161.1,993.2,986491.4,0.0008,TCP,1,1,1,1,0.0,6.0,0.66,night,121.01,0.0,0
2884,4,0.0,2884000.0,5532.5,910.0,651.8,424830.0,0.0002,OTHER,1,1,1,0,0.0,6.0,0.5,afternoon,553.25,0.0,0
2820,4,0.0,773662.6,1097.4,891.0,636.5,405073.2,0.0012,OTHER,1,1,1,0,0.0,6.0,0.5,afternoon,109.74,0.0,0
578,4,0.0,578000.0,4123.7,1248.5,648.0,419846.7,0.0003,OTHER,1,1,1,0,0.0,6.0,0.5,morning,412.37,0.0,0
165422,151,0.18,939326.7,857.4,1101.3,907.8,824088.2,0.0012,TCP,1,1,1,1,0.0,6.0,0.68,morning,85.74,0.0,0
165443,134,0.22,749584.3,607.1,1241.1,983.7,967648.9,0.0017,TCP,1,1,1,1,0.0,6.0,0.72,evening,60.71,0.0,0
108737,105,0.2,554201.0,535.2,1048.2,1172.1,1373741.1,0.0019,TCP,1,1,1,1,0.0,6.0,0.55,morning,53.52,0.0,0
165422,142,0.21,781870.9,671.2,1171.1,870.2,757220.6,0.0015,TCP,1,1,1,1,0.0,6.0,0.75,night,67.12,0.0,0
223060,248,0.13,1663807.4,1849.8,901.4,720.0,518417.4,0.0005,TCP,1,1,1,1,0.0,6.0,0.63,morning,184.98,0.0,0
165422,148,0.18,918587.5,821.8,1123.6,918.9,844376.4,0.0012,TCP,1,1,1,1,0.0,6.0,0.7,afternoon,82.18,0.0,0
758851,696,0.6,1274431.0,1168.9,1091.2,1228.3,1508772.6,0.0009,TCP,1,1,1,1,0.0,6.0,0.52,evening,116.89,0.0,0
2065,4,0.0,2065000.0,49382.7,516.2,637.3,406137.0,0.0,OTHER,1,1,1,0,1.0,6.0,0.75,night,4938.27,0.0,0
97210,97,0.11,915572.6,913.6,1008.3,933.0,870581.1,0.0011,TCP,1,1,1,1,0.0,6.0,0.63,afternoon,91.36,0.0,0
640097,544,0.32,1971385.4,1675.4,1178.9,1094.2,1197311.6,0.0006,TCP,1,1,1,1,0.0,6.0,0.63,afternoon,167.54,0.0,0
2884,4,0.0,2884000.0,5369.1,910.0,651.8,424830.0,0.0002,OTHER,1,1,1,0,0.0,6.0,0.5,morning,536.91,0.0,0
2612,4,0.0,2612000.0,4745.0,1640.0,5.5,30.0,0.0003,OTHER,1,1,1,0,0.0,6.0,0.5,afternoon,474.5,0.0,0
100049,101,0.2,504291.9,509.1,1003.7,1109.0,1229811.3,0.002,TCP,1,1,1,1,0.0,6.0,0.55,afternoon,50.91,0.0,0
217337,174,0.15,1430102.7,1144.9,1257.2,1289.0,1661437.7,0.0009,TCP,1,1,1,1,0.0,6.0,0.59,night,114.49,0.0,0
1010943,641,1.24,814489.7,516.4,1578.4,1191.3,1419231.4,0.0019,TCP,1,1,1,0,0.0,6.0,0.74,afternoon,51.64,0.0,0
165422,153,0.17,946794.3,875.7,1086.9,890.5,793060.0,0.0011,TCP,1,1,1,1,0.0,6.0,0.69,night,87.57,0.0,0
2860,4,0.0,2860000.0,5509.6,902.5,646.3,417720.0,0.0002,OTHER,1,1,1,0,0.0,6.0,0.5,evening,550.96,0.0,0
96973,108,0.15,632619.6,704.6,907.6,801.0,641576.5,0.0014,TCP,1,1,1,1,0.0,6.0,0.64,evening,70.46,0.0,0
165464,134,0.23,731452.2,592.4,1241.3,996.1,992225.1,0.0017,TCP,1,1,1,1,0.0,6.0,0.72,night,59.24,0.0,0
630,4,0.0,630000.0,4028.2,1261.5,633.7,401594.7,0.0003,OTHER,1,1,1,0,0.0,6.0,0.5,evening,402.82,0.0,0
578,4,0.0,578000.0,4073.3,1248.5,648.0,419846.7,0.0003,OTHER,1,1,1,0,0.0,6.0,0.5,morning,407.33,0.0,0
88328,77,0.13,683944.4,596.2,1158.8,1074.0,1153582.2,0.0017,TCP,1,1,1,1,0.0,6.0,0.66,night,59.62,0.0,0
54683,53,0.1,530346.8,514.0,1041.1,1191.2,1419002.1,0.002,TCP,1,1,1,0,0.0,6.0,0.55,night,51.4,0.0,0
120964,113,0.22,547165.2,511.1,1081.8,777.2,604054.4,0.002,TCP,1,1,1,1,0.0,6.0,0.72,evening,51.11,0.0,0
107289,105,0.14,750650.7,734.6,1034.4,1141.2,1302346.0,0.0014,TCP,1,1,1,1,0.0,6.0,0.54,night,73.46,0.0,0
20900000,16900,24.12,866613.5,700.8,1239.5,1215.0,1476138.8,0.0014,TCP,1,1,1,0,0.0,6.0,0.58,afternoon,70.08,0.0,0
165422,152,0.2,840221.7,772.0,1094.0,924.2,854077.7,0.0013,TCP,1,1,1,1,0.0,6.0,0.68,morning,77.2,0.0,0
86570,95,0.17,518858.6,569.4,920.4,843.7,711891.9,0.0018,TCP,1,1,1,1,0.0,6.0,0.62,evening,56.94,0.0,0
2820,4,0.0,2820000.0,5181.3,891.0,636.5,405073.2,0.0003,OTHER,1,1,1,0,0.0,6.0,0.5,night,518.13,0.0,0
578,4,0.0,567780.0,3929.3,1248.5,648.0,419846.7,0.0003,OTHER,1,1,1,0,0.0,6.0,0.5,evening,392.93,0.0,0
86554,100,0.17,513195.4,592.9,874.2,767.0,588217.6,0.0017,TCP,1,1,1,1,0.0,6.0,0.62,night,59.29,0.0,0
68442,68,0.14,504273.4,501.0,1019.0,1106.5,1224400.3,0.002,TCP,1,1,1,1,0.0,6.0,0.6,morning,50.1,0.0,0
86570,94,0.15,563368.4,611.7,930.2,893.5,798267.9,0.0017,TCP,1,1,1,1,0.0,6.0,0.61,evening,61.17,0.0,0
2884,4,0.0,2884000.0,6033.2,910.0,651.8,424830.0,0.0002,OTHER,1,1,1,0,0.0,6.0,0.5,morning,603.32,0.0,0
2820,4,0.0,2820000.0,6006.0,891.0,636.5,405073.2,0.0002,OTHER,1,1,1,0,0.0,6.0,0.5,evening,600.6,0.0,0
2884,4,0.0,2884000.0,5298.0,910.0,651.8,424830.0,0.0003,OTHER,1,1,1,0,0.0,6.0,0.5,evening,529.8,0.0,0
578,4,0.0,564453.1,3906.2,1248.5,648.0,419846.7,0.0003,OTHER,1,1,1,0,0.0,6.0,0.5,night,390.62,0.0,0
99363,108,0.12,807442.0,877.6,929.5,853.1,727784.0,0.0012,TCP,1,1,1,1,0.0,6.0,0.63,evening,87.76,0.0,0
2908,4,0.0,2908000.0,5772.0,913.8,660.0,435607.5,0.0002,OTHER,1,1,1,0,0.0,6.0,0.5,afternoon,577.2,0.0,0
1010943,624,1.37,737174.7,455.0,1621.4,1181.6,1396224.5,0.0022,TCP,1,1,1,0,0.0,6.0,0.75,night,45.5,0.0,0
165459,136,0.19,884008.6,726.6,1223.0,985.7,971695.3,0.0014,TCP,1,1,1,1,0.0,6.0,0.73,evening,72.66,0.0,0
2860,4,0.0,2860000.0,6514.7,902.5,646.3,417720.0,0.0002,OTHER,1,1,1,0,0.0,6.0,0.5,afternoon,651.47,0.0,0
2071,4,0.0,2071000.0,53333.3,520.8,638.3,407488.8,0.0,OTHER,1,1,1,0,1.0,6.0,0.75,night,5333.33,0.0,0
2860,4,0.0,2860000.0,5412.7,902.5,646.3,417720.0,0.0002,OTHER,1,1,1,0,0.0,6.0,0.5,afternoon,541.27,0.0,0
64898,36,0.02,2611589.5,1448.7,1802.7,832.4,692934.2,0.0007,TCP,1,1,1,1,1.0,6.0,0.97,evening,144.87,0.0,0
674,4,0.0,658846.5,3910.1,1272.5,621.7,386467.5,0.0003,OTHER,1,1,1,0,0.0,6.0,0.5,afternoon,391.01,0.0,0
2071,4,0.0,2071000.0,43956.0,520.8,638.3,407488.8,0.0,OTHER,1,1,1,0,1.0,6.0,0.75,morning,4395.6,0.0,0
658,4,0.0,616682.3,3748.8,1268.5,626.0,391934.7,0.0004,OTHER,1,1,1,0,0.0,6.0,0.5,afternoon,374.88,0.0,0
578,4,0.0,578000.0,4077.5,1248.5,648.0,419846.7,0.0003,OTHER,1,1,1,0,0.0,6.0,0.5,morning,407.75,0.0,0
470000000,378449,120.0,3916743.8,3153.8,1244.7,1233.3,1521006.2,0.0003,TCP,1,1,1,0,0.0,6.0,0.58,morning,315.38,0.0,0
2884,4,0.0,2884000.0,5479.5,910.0,651.8,424830.0,0.0002,OTHER,1,1,1,0,0.0,6.0,0.5,morning,547.95,0.0,0
674,4,0.0,664694.3,3944.8,1272.5,621.7,386467.5,0.0003,OTHER,1,1,1,0,0.0,6.0,0.5,morning,394.48,0.0,0
85651,103,0.16,535972.0,644.5,840.9,713.8,509574.0,0.0016,TCP,1,1,1,1,0.0,6.0,0.63,night,64.45,0.0,0
2860,4,0.0,2860000.0,5464.5,902.5,646.3,417720.0,0.0002,OTHER,1,1,1,0,0.0,6.0,0.5,night,546.45,0.0,0
578,4,0.0,578000.0,4132.2,1248.5,648.0,419846.7,0.0003,OTHER,1,1,1,0,0.0,6.0,0.5,night,413.22,0.0,0
630,4,0.0,609874.2,3872.2,1261.5,633.7,401594.7,0.0003,OTHER,1,1,1,0,0.0,6.0,0.5,morning,387.22,0.0,0
251924,258,0.39,652178.1,667.9,981.8,873.6,763188.3,0.0015,TCP,1,1,1,1,0.0,6.0,0.62,afternoon,66.79,0.0,0
95705,88,0.12,777615.3,715.0,1102.2,1233.7,1521971.3,0.0014,TCP,1,1,1,1,0.0,6.0,0.56,evening,71.5,0.0,0
674,4,0.0,665350.4,3948.7,1272.5,621.7,386467.5,0.0003,OTHER,1,1,1,0,0.0,6.0,0.5,night,394.87,0.0,0
812156,622,0.67,1214188.3,929.9,1310.1,1124.2,1263865.2,0.0011,TCP,1,1,1,1,0.0,6.0,0.67,evening,92.99,0.0,0
53576,48,0.02,2281966.1,2044.5,1119.0,1336.9,1787331.2,0.0005,TCP,1,1,1,1,0.0,6.0,0.54,morning,204.45,0.0,0
578,4,0.0,578000.0,4324.3,1248.5,648.0,419846.7,0.0003,OTHER,1,1,1,0,0.0,6.0,0.5,morning,432.43,0.0,0
630,4,0.0,630000.0,4052.7,1261.5,633.7,401594.7,0.0003,OTHER,1,1,1,0,0.0,6.0,0.5,evening,405.27,0.0,0
29980,38,0.05,555010.5,703.5,805.2,854.4,729915.7,0.0015,TCP,1,1,1,0,0.0,6.0,0.55,afternoon,70.35,0.0,0
2065,4,0.0,2065000.0,44444.4,516.2,637.3,406137.0,0.0,OTHER,1,1,1,0,1.0,6.0,0.75,afternoon,4444.44,0.0,0
93881,93,0.16,584618.7,579.1,1018.3,1019.0,1038285.7,0.0017,TCP,1,1,1,1,0.0,6.0,0.59,morning,57.91,0.0,0
2884,11,0.0,2494809.7,9515.6,523.5,705.5,497665.8,0.0001,OTHER,1,1,1,0,0.0,6.0,0.36,morning,951.56,0.0,0
105841,109,0.2,539070.0,555.2,983.2,1069.8,1144399.3,0.0018,TCP,1,1,1,1,0.0,6.0,0.55,morning,55.52,0.0,0
62780,30,0.02,2621622.8,1252.8,2093.1,897.3,805181.3,0.0008,TCP,1,1,1,1,1.0,6.0,0.97,night,125.28,0.0,0
2065,4,0.0,2065000.0,65573.8,516.2,637.3,406137.0,0.0,OTHER,1,1,1,0,1.0,6.0,0.75,night,6557.38,0.0,0
2612,4,0.0,2612000.0,4968.9,1640.0,5.5,30.0,0.0003,OTHER,1,1,1,0,0.0,6.0,0.5,night,496.89,0.0,0
758851,622,0.52,1470849.6,1205.6,1221.0,1123.5,1262144.7,0.0008,TCP,1,1,1,1,0.0,6.0,0.63,evening,120.56,0.0,0
630,4,0.0,623762.4,3960.4,1261.5,633.7,401594.7,0.0003,OTHER,1,1,1,0,0.0,6.0,0.5,morning,396.04,0.0,0
104393,110,0.14,733210.2,772.6,961.2,1053.8,1110508.6,0.0013,TCP,1,1,1,1,0.0,6.0,0.54,night,77.26,0.0,0
2820,4,0.0,2820000.0,5449.6,891.0,636.5,405073.2,0.0002,OTHER,1,1,1,0,0.0,6.0,0.5,night,544.96,0.0,0
165422,147,0.18,911662.1,810.1,1131.2,889.3,790781.3,0.0012,TCP,1,1,1,1,0.0,6.0,0.71,afternoon,81.01,0.0,0
76595,84,0.13,590127.4,647.2,924.5,1132.6,1282758.5,0.0016,TCP,1,1,1,1,0.0,6.0,0.55,night,64.72,0.0,0
102959,101,0.14,725446.5,711.6,1032.5,1120.5,1255561.8,0.0014,TCP,1,1,1,1,0.0,6.0,0.55,evening,71.16,0.0,0
54678,57,0.1,530463.0,553.0,967.9,1062.1,1127971.2,0.0018,TCP,1,1,1,0,0.0,6.0,0.56,morning,55.3,0.0,0
630,4,0.0,616438.4,3913.9,1261.5,633.7,401594.7,0.0003,OTHER,1,1,1,0,0.0,6.0,0.5,night,391.39,0.0,0
112259,77,0.17,650731.5,446.3,1463.1,1152.7,1328792.9,0.0023,TCP,1,1,1,0,0.0,6.0,0.74,evening,44.63,0.0,0
2604,4,0.0,2604000.0,11869.4,1698.8,52.0,2707.5,0.0001,OTHER,1,1,1,0,0.0,6.0,0.5,night,1186.94,0.0,0
61240,77,0.12,523714.2,658.5,807.7,816.4,666457.2,0.0015,TCP,1,1,1,1,0.0,6.0,0.58,evening,65.85,0.0,0
95022,92,0.14,687399.6,665.5,1048.5,1013.8,1027882.9,0.0015,TCP,1,1,1,1,0.0,6.0,0.62,afternoon,66.55,0.0,0
693115,568,0.26,2687273.4,2202.2,1224.3,1266.6,1604297.6,0.0005,TCP,1,1,1,1,0.0,6.0,0.56,afternoon,220.22,0.0,0
578,4,0.0,578000.0,4028.2,1248.5,648.0,419846.7,0.0003,OTHER,1,1,1,0,0.0,6.0,0.5,night,402.82,0.0,0
146449,155,0.22,660727.8,699.3,948.8,1143.0,1306423.5,0.0014,TCP,1,1,1,1,0.0,6.0,0.51,afternoon,69.93,0.0,0
2065156,2144,0.66,3146496.8,3266.6,965.9,724.4,524785.1,0.0003,TCP,1,1,1,1,0.0,6.0,0.66,evening,326.66,0.0,0
85915,91,0.12,736803.7,780.4,958.3,779.4,607529.4,0.0013,TCP,1,1,1,1,0.0,6.0,0.67,afternoon,78.04,0.0,0
105841,102,0.2,536012.4,516.6,1050.6,1200.5,1441270.1,0.002,TCP,1,1,1,1,0.0,6.0,0.55,afternoon,51.66,0.0,0
2071,4,0.0,2071000.0,50000.0,520.8,638.3,407488.8,0.0,OTHER,1,1,1,0,1.0,6.0,0.75,afternoon,5000.0,0.0,0
237651,198,0.17,1395345.2,1162.5,1202.7,1260.3,1588453.4,0.0009,TCP,1,1,1,0,0.0,6.0,0.57,night,116.25,0.0,0
2796,4,0.0,2796000.0,5517.2,889.5,626.6,392620.8,0.0002,OTHER,1,1,1,0,0.0,6.0,0.5,evening,551.72,0.0,0
2836,11,0.0,2507515.5,9725.9,513.8,692.4,479442.4,0.0001,OTHER,1,1,1,0,0.0,6.0,0.36,afternoon,972.59,0.0,0
282238,232,0.27,1054795.6,867.0,1220.8,1124.8,1265116.2,0.0012,TCP,1,1,1,1,0.0,6.0,0.66,night,86.7,0.0,0
165422,139,0.33,508265.1,427.1,1196.4,822.6,676594.5,0.0024,TCP,1,1,1,1,0.0,6.0,0.77,evening,42.71,0.0,0
2065,4,0.0,2065000.0,57971.0,516.2,637.3,406137.0,0.0,OTHER,1,1,1,0,1.0,6.0,0.75,afternoon,5797.1,0.0,0
102959,96,0.14,721835.5,673.0,1086.2,1217.4,1481959.7,0.0015,TCP,1,1,1,1,0.0,6.0,0.57,evening,67.3,0.0,0
1212715,1123,0.49,2461071.2,2279.0,1082.5,842.8,710390.3,0.0004,TCP,1,1,1,0,0.0,6.0,0.67,night,227.9,0.0,0
2860,4,0.0,2860000.0,5263.2,901.8,646.9,418428.3,0.0003,OTHER,1,1,1,0,0.0,6.0,0.5,morning,526.32,0.0,0
86554,86,0.17,513390.2,510.1,1016.6,858.7,737417.1,0.002,TCP,1,1,1,1,0.0,6.0,0.67,morning,51.01,0.0,0
2884,4,0.0,2884000.0,5730.7,910.0,651.8,424830.0,0.0002,OTHER,1,1,1,0,0.0,6.0,0.5,morning,573.07,0.0,0
2860,4,0.0,2860000.0,5457.0,901.8,646.9,418428.3,0.0002,OTHER,1,1,1,0,0.0,6.0,0.5,morning,545.7,0.0,0
2820,4,0.0,2820000.0,5625.9,891.0,636.5,405073.2,0.0002,OTHER,1,1,1,0,0.0,6.0,0.5,night,562.59,0.0,0
440348,350,0.29,1535629.8,1220.6,1263.5,1218.7,1485157.1,0.0008,TCP,1,1,1,1,0.0,6.0,0.62,evening,122.06,0.0,0
630,4,0.0,614035.1,3898.6,1261.5,633.7,401594.7,0.0003,OTHER,1,1,1,0,0.0,6.0,0.5,afternoon,389.86,0.0,0
2860,4,0.0,2860000.0,5134.8,902.5,646.3,417720.0,0.0003,OTHER,1,1,1,0,0.0,6.0,0.5,night,513.48,0.0,0
94912,78,0.17,547813.6,450.2,1230.9,1138.2,1295407.2,0.0023,TCP,1,1,1,1,0.0,6.0,0.67,night,45.02,0.0,0
104393,107,0.14,731678.8,750.0,988.0,1056.3,1115827.8,0.0013,TCP,1,1,1,1,0.0,6.0,0.55,afternoon,75.0,0.0,0
95705,106,0.14,669626.3,741.7,915.2,936.6,877127.9,0.0014,TCP,1,1,1,1,0.0,6.0,0.57,afternoon,74.17,0.0,0
3365144,2760,2.49,1351032.6,1108.1,1220.6,1212.5,1470101.2,0.0009,TCP,1,1,1,0,0.0,6.0,0.58,night,110.81,0.0,0
2668,4,0.0,2668000.0,5201.6,844.0,601.4,361681.2,0.0003,OTHER,1,1,1,0,0.0,6.0,0.5,morning,520.16,0.0,0
10495,13,0.02,519168.9,643.1,810.5,964.9,931047.3,0.0017,TCP,1,1,1,0,0.0,6.0,0.54,morning,64.31,0.0,0
2860,4,0.0,2860000.0,5540.2,902.5,646.3,417720.0,0.0002,OTHER,1,1,1,0,0.0,6.0,0.5,evening,554.02,0.0,0
658,4,0.0,643206.3,3910.1,1268.5,626.0,391934.7,0.0003,OTHER,1,1,1,0,0.0,6.0,0.5,afternoon,391.01,0.0,0
2884,4,0.0,2884000.0,5235.6,910.0,651.8,424830.0,0.0003,OTHER,1,1,1,0,0.0,6.0,0.5,morning,523.56,0.0,0
2836,4,0.0,2836000.0,5970.1,901.0,636.5,405073.2,0.0002,OTHER,1,1,1,0,0.0,6.0,0.5,morning,597.01,0.0,0
165459,143,0.22,736155.3,636.2,1163.1,860.7,740796.6,0.0016,TCP,1,1,1,1,0.0,6.0,0.74,morning,63.62,0.0,0
2884,4,0.0,2884000.0,6051.4,910.0,651.8,424830.0,0.0002,OTHER,1,1,1,0,0.0,6.0,0.5,night,605.14,0.0,0
165422,163,0.32,514839.3,507.3,1020.2,1340.5,1796965.4,0.002,TCP,1,1,1,1,0.0,6.0,0.43,evening,50.73,0.0,0
54679,61,0.1,531405.8,592.8,904.5,985.9,972046.0,0.0017,TCP,1,1,1,0,0.0,6.0,0.54,evening,59.28,0.0,0
2856,4,0.0,2856000.0,5698.0,904.5,643.0,413482.8,0.0002,OTHER,1,1,1,0,0.0,6.0,0.5,night,569.8,0.0,0
1010943,741,1.31,770367.3,564.7,1365.4,1154.1,1331877.2,0.0018,TCP,1,1,1,0,0.0,6.0,0.67,evening,56.47,0.0,0
96497,92,0.13,765381.5,729.7,1072.0,1078.1,1162306.2,0.0014,TCP,1,1,1,1,0.0,6.0,0.59,night,72.97,0.0,0
114884,127,0.23,503572.4,556.7,915.2,718.1,515604.6,0.0018,TCP,1,1,1,1,0.0,6.0,0.66,afternoon,55.67,0.0,0
3426830,2422,0.89,3842112.4,2715.5,1415.6,1285.0,1651339.9,0.0004,TCP,1,1,1,1,0.0,6.0,0.65,afternoon,271.55,0.0,0
111647,106,0.14,780328.1,740.9,1065.8,1196.9,1432582.0,0.0014,TCP,1,1,1,1,0.0,6.0,0.55,night,74.09,0.0,0
110185,112,0.14,773380.0,786.1,995.6,1040.4,1082366.6,0.0013,TCP,1,1,1,1,0.0,6.0,0.58,night,78.61,0.0,0
176805,180,0.32,549855.7,559.8,986.0,746.5,557213.7,0.0018,TCP,1,1,1,1,0.0,6.0,0.68,evening,55.98,0.0,0
2796,4,0.0,2796000.0,5979.1,889.5,626.6,392620.8,0.0002,OTHER,1,1,1,0,0.0,6.0,0.5,morning,597.91,0.0,0
2796,4,0.0,2796000.0,5706.1,888.8,627.1,393307.5,0.0002,OTHER,1,1,1,0,0.0,6.0,0.5,morning,570.61,0.0,0
2065,4,0.0,2065000.0,50000.0,516.2,637.3,406137.0,0.0,OTHER,1,1,1,0,1.0,6.0,0.75,morning,5000.0,0.0,0
101497,104,0.14,713586.7,731.2,988.6,1083.9,1174890.5,0.0014,TCP,1,1,1,1,0.0,6.0,0.55,night,73.12,0.0,0
2065,4,0.0,2065000.0,57142.9,516.2,637.3,406137.0,0.0,OTHER,1,1,1,0,1.0,6.0,0.75,afternoon,5714.29,0.0,0
578,4,0.0,578000.0,4241.8,1248.5,648.0,419846.7,0.0003,OTHER,1,1,1,0,0.0,6.0,0.5,night,424.18,0.0,0
2065,4,0.0,2065000.0,44943.8,516.2,637.3,406137.0,0.0,OTHER,1,1,1,0,1.0,6.0,0.75,evening,4494.38,0.0,0
630,4,0.0,630000.0,4136.5,1261.5,633.7,401594.7,0.0003,OTHER,1,1,1,0,0.0,6.0,0.5,morning,413.65,0.0,0
25671,31,0.05,504124.0,608.8,837.0,883.2,780033.0,0.0017,TCP,1,1,1,0,0.0,6.0,0.58,morning,60.88,0.0,0
86533,93,0.16,542918.1,583.5,939.8,785.2,616607.3,0.0017,TCP,1,1,1,1,0.0,6.0,0.66,morning,58.35,0.0,0
101547,88,0.16,624827.7,541.5,1169.2,1250.8,1564381.1,0.0019,TCP,1,1,1,1,0.0,6.0,0.59,evening,54.15,0.0,0
2760,11,0.0,2358974.4,9401.7,503.6,678.6,460541.5,0.0001,OTHER,1,1,1,0,0.0,6.0,0.55,night,940.17,0.0,0
587000000,470934,120.0,4891723.5,3924.5,1248.3,1238.7,1534321.5,0.0003,TCP,1,1,1,0,0.5,6.0,0.57,night,392.45,0.0,0
55331,70,0.1,561451.0,710.3,808.5,709.0,502661.5,0.0014,TCP,1,1,1,1,0.0,6.0,0.63,afternoon,71.03,0.0,0
125176,129,0.23,549724.0,566.5,979.3,1085.1,1177468.1,0.0018,TCP,1,1,1,1,0.0,6.0,0.56,afternoon,56.65,0.0,0
838833,711,0.58,1449876.0,1228.9,1180.7,1078.4,1162896.8,0.0008,TCP,1,1,1,1,0.0,6.0,0.64,afternoon,122.89,0.0,0
528183,413,0.54,985068.7,770.3,1281.2,1076.1,1157952.1,0.0013,TCP,1,1,1,1,0.0,6.0,0.69,afternoon,77.03,0.0,0
1103488,890,2.18,506630.1,408.6,1241.0,1267.0,1605217.6,0.0025,TCP,1,1,1,1,0.0,6.0,0.55,evening,40.86,0.0,0
105841,100,0.2,535741.0,506.2,1071.5,1168.1,1364401.9,0.002,TCP,1,1,1,1,0.0,6.0,0.56,night,50.62,0.0,0
165443,148,0.24,678409.3,606.9,1123.7,798.7,637852.7,0.0017,TCP,1,1,1,1,0.0,6.0,0.74,morning,60.69,0.0,0
86533,94,0.17,504653.9,548.2,929.8,841.6,708370.0,0.0018,TCP,1,1,1,1,0.0,6.0,0.63,afternoon,54.82,0.0,0
2668,4,0.0,2668000.0,6289.3,844.0,601.4,361681.2,0.0002,OTHER,1,1,1,0,0.0,6.0,0.5,afternoon,628.93,0.0,0
2884,4,0.0,2884000.0,5037.8,910.0,651.8,424830.0,0.0003,OTHER,1,1,1,0,0.0,6.0,0.5,night,503.78,0.0,0
165422,158,0.17,952398.0,909.7,1052.5,835.2,697540.0,0.0011,TCP,1,1,1,1,0.0,6.0,0.68,night,90.97,0.0,0
93786,99,0.14,661466.3,698.2,960.6,1025.1,1050792.8,0.0014,TCP,1,1,1,1,0.0,6.0,0.56,evening,69.82,0.0,0
2860,4,0.0,2860000.0,6006.0,902.5,646.3,417720.0,0.0002,OTHER,1,1,1,0,0.0,6.0,0.5,afternoon,600.6,0.0,0
65666,84,0.09,695143.1,889.2,797.3,711.0,505584.7,0.0011,TCP,1,1,1,1,0.0,6.0,0.61,afternoon,88.92,0.0,0
578,4,0.0,578000.0,4016.1,1248.5,648.0,419846.7,0.0003,OTHER,1,1,1,0,0.0,6.0,0.5,morning,401.61,0.0,0
65650,80,0.1,674897.7,822.4,836.8,716.7,513663.5,0.0012,TCP,1,1,1,1,0.0,6.0,0.61,morning,82.24,0.0,0
658,4,0.0,656686.6,3992.0,1268.5,626.0,391934.7,0.0003,OTHER,1,1,1,0,0.0,6.0,0.5,morning,399.2,0.0,0
2065,4,0.0,2065000.0,50632.9,516.2,637.3,406137.0,0.0,OTHER,1,1,1,0,1.0,6.0,0.75,morning,5063.29,0.0,0
2612,4,0.0,2612000.0,5025.1,1640.0,5.5,30.0,0.0003,OTHER,1,1,1,0,0.0,6.0,0.5,night,502.51,0.0,0
2604,4,0.0,2604000.0,4645.8,1635.0,5.5,30.0,0.0003,OTHER,1,1,1,0,0.0,6.0,0.5,evening,464.58,0.0,0
2860,4,0.0,2860000.0,5578.8,902.5,646.3,417720.0,0.0002,OTHER,1,1,1,0,0.0,6.0,0.5,morning,557.88,0.0,0
77529,73,0.12,633272.3,596.3,1080.2,1157.3,1339412.6,0.0017,TCP,1,1,1,1,0.0,6.0,0.58,morning,59.63,0.0,0
87749,76,0.15,605123.8,524.1,1172.2,1318.0,1737170.0,0.0019,TCP,1,1,1,1,0.0,6.0,0.57,night,52.41,0.0,0
2676,4,0.0,2676000.0,43956.0,672.0,892.4,796322.3,0.0,OTHER,1,1,1,0,1.0,6.0,0.75,afternoon,4395.6,0.0,0
630,4,0.0,630000.0,4106.8,1261.5,633.7,401594.7,0.0003,OTHER,1,1,1,0,0.0,6.0,0.5,evening,410.68,0.0,0
2884,4,0.0,2884000.0,5899.7,910.0,651.8,424830.0,0.0002,OTHER,1,1,1,0,0.0,6.0,0.5,evening,589.97,0.0,0
2820,11,0.0,2820000.0,20952.4,509.1,686.0,470663.3,0.0001,OTHER,1,1,1,0,0.0,6.0,0.36,evening,2095.24,0.0,0
2884,4,0.0,2884000.0,5312.1,910.0,651.8,424830.0,0.0003,OTHER,1,1,1,0,0.0,6.0,0.5,morning,531.21,0.0,0
165459,163,0.17,945961.1,931.9,1020.4,890.9,793641.2,0.0011,TCP,1,1,1,1,0.0,6.0,0.64,morning,93.19,0.0,0
2884,4,0.0,2884000.0,5181.3,910.0,651.8,424830.0,0.0003,OTHER,1,1,1,0,0.0,6.0,0.5,night,518.13,0.0,0
95373,110,0.12,768727.9,886.6,875.7,1101.1,1212422.1,0.0011,TCP,1,1,1,1,0.0,6.0,0.51,evening,88.66,0.0,0
110185,107,0.14,773396.3,751.0,1042.1,1131.9,1281176.3,0.0013,TCP,1,1,1,1,0.0,6.0,0.55,night,75.1,0.0,0
552796,602,0.73,759579.3,827.2,919.7,724.6,525009.4,0.0012,TCP,1,1,1,1,0.0,6.0,0.63,morning,82.72,0.0,0
490965,413,0.49,996381.5,838.2,1191.9,1004.1,1008160.6,0.0012,TCP,1,1,1,1,0.0,6.0,0.68,morning,83.82,0.0,0
165422,161,0.2,819598.4,797.7,1032.9,791.5,626409.0,0.0013,TCP,1,1,1,1,0.0,6.0,0.69,afternoon,79.77,0.0,0
630,4,0.0,630000.0,4056.8,1261.5,633.7,401594.7,0.0003,OTHER,1,1,1,0,0.0,6.0,0.5,evening,405.68,0.0,0
1010943,737,0.87,1164301.3,848.8,1372.8,1245.3,1550863.8,0.0012,TCP,1,1,1,0,0.0,6.0,0.63,evening,84.88,0.0,0
2065,4,0.0,2065000.0,137931.0,516.2,637.3,406137.0,0.0,OTHER,1,1,1,0,1.0,6.0,0.75,night,13793.1,0.0,0
2732,4,0.0,2732000.0,5161.3,1680.5,19.7,388.8,0.0003,OTHER,1,1,1,0,0.0,6.0,0.5,night,516.13,0.0,0
54414,54,0.1,521586.6,517.6,1016.9,1061.6,1126979.0,0.002,TCP,1,1,1,0,0.0,6.0,0.59,morning,51.76,0.0,0
2830,4,0.0,2830000.0,6319.1,896.5,637.0,405770.7,0.0002,OTHER,1,1,1,0,0.0,6.0,0.5,evening,631.91,0.0,0
2668,4,0.0,2668000.0,6269.6,844.0,601.4,361681.2,0.0002,OTHER,1,1,1,0,0.0,6.0,0.5,afternoon,626.96,0.0,0
86533,82,0.17,500190.8,474.0,1065.9,903.4,816070.9,0.0021,TCP,1,1,1,1,0.0,6.0,0.68,evening,47.4,0.0,0
104393,116,0.14,732546.5,814.0,911.5,938.5,880690.7,0.0012,TCP,1,1,1,1,0.0,6.0,0.56,morning,81.4,0.0,0
101497,101,0.14,713396.1,709.9,1018.0,1142.4,1305027.1,0.0014,TCP,1,1,1,1,0.0,6.0,0.53,evening,70.99,0.0,0
2820,4,0.0,2820000.0,5830.9,891.0,636.5,405073.2,0.0002,OTHER,1,1,1,0,0.0,6.0,0.5,night,583.09,0.0,0
2065,4,0.0,2065000.0,54794.5,516.2,637.3,406137.0,0.0,OTHER,1,1,1,0,1.0,6.0,0.75,night,5479.45,0.0,0
2676,4,0.0,2676000.0,43478.3,672.0,892.4,796322.3,0.0,OTHER,1,1,1,0,1.0,6.0,0.75,night,4347.83,0.0,0
2065,4,0.0,2065000.0,51948.1,516.2,637.3,406137.0,0.0,OTHER,1,1,1,0,1.0,6.0,0.75,afternoon,5194.81,0.0,0
2860,4,0.0,2860000.0,5657.7,902.5,646.3,417720.0,0.0002,OTHER,1,1,1,0,0.0,6.0,0.5,afternoon,565.77,0.0,0
2884,4,0.0,2884000.0,5805.5,910.0,651.8,424830.0,0.0002,OTHER,1,1,1,0,0.0,6.0,0.5,night,580.55,0.0,0
64101,69,0.12,517925.1,557.5,947.8,1189.2,1414131.4,0.0018,TCP,1,1,1,1,0.0,6.0,0.54,evening,55.75,0.0,0
2668,4,0.0,2668000.0,5256.2,844.0,601.4,361681.2,0.0003,OTHER,1,1,1,0,0.0,6.0,0.5,night,525.62,0.0,0
2820,4,0.0,2820000.0,5805.5,891.0,636.5,405073.2,0.0002,OTHER,1,1,1,0,0.0,6.0,0.5,evening,580.55,0.0,0
165459,152,0.19,856240.2,786.6,1094.3,893.4,798194.1,0.0013,TCP,1,1,1,1,0.0,6.0,0.68,morning,78.66,0.0,0
578,4,0.0,578000.0,4028.2,1248.5,648.0,419846.7,0.0003,OTHER,1,1,1,0,0.0,6.0,0.5,night,402.82,0.0,0
2065,4,0.0,2065000.0,44444.4,516.2,637.3,406137.0,0.0,OTHER,1,1,1,0,1.0,6.0,0.75,afternoon,4444.44,0.0,0
2071,4,0.0,2071000.0,235294.1,520.8,638.3,407488.8,0.0,OTHER,1,1,1,0,1.0,6.0,0.75,evening,23529.41,0.0,0
185396,179,0.2,906617.4,875.3,1040.4,911.6,831018.4,0.0011,TCP,1,1,1,1,0.0,6.0,0.65,morning,87.53,0.0,0
2860,4,0.0,2860000.0,5747.1,902.5,646.3,417720.0,0.0002,OTHER,1,1,1,0,0.0,6.0,0.5,evening,574.71,0.0,0
2612,4,0.0,2612000.0,4884.0,1640.0,5.5,30.0,0.0003,OTHER,1,1,1,0,0.0,6.0,0.5,evening,488.4,0.0,0
27400000,22084,14.49,1890986.9,1524.1,1241.5,1255.8,1577129.0,0.0007,TCP,1,1,1,1,0.0,6.0,0.56,morning,152.41,0.0,0
104393,104,0.14,730347.8,727.6,1016.4,1113.9,1240668.1,0.0014,TCP,1,1,1,1,0.0,6.0,0.55,night,72.76,0.0,0
2884,4,0.0,2884000.0,4860.3,910.0,651.8,424830.0,0.0003,OTHER,1,1,1,0,0.0,6.0,0.5,night,486.03,0.0,0
118973,123,0.16,727263.3,751.9,976.5,790.4,624769.2,0.0013,TCP,1,1,1,1,0.0,6.0,0.67,evening,75.19,0.0,0
2796,4,0.0,2796000.0,5235.6,889.5,626.6,392620.8,0.0003,OTHER,1,1,1,0,0.0,6.0,0.5,evening,523.56,0.0,0
3426830,2244,1.2,2866970.8,1877.4,1527.9,1175.4,1381678.0,0.0005,TCP,1,1,1,1,0.0,6.0,0.73,night,187.74,0.0,0
2860,4,0.0,2860000.0,5594.4,902.5,646.3,417720.0,0.0002,OTHER,1,1,1,0,0.0,6.0,0.5,morning,559.44,0.0,0
658,4,0.0,652777.8,3968.3,1268.5,626.0,391934.7,0.0003,OTHER,1,1,1,0,0.0,6.0,0.5,evening,396.83,0.0,0
2884,4,0.0,2884000.0,5714.3,910.0,651.8,424830.0,0.0002,OTHER,1,1,1,0,0.0,6.0,0.5,night,571.43,0.0,0
2884,11,0.0,2658064.5,10138.2,523.5,705.5,497665.8,0.0001,OTHER,1,1,1,0,0.0,6.0,0.36,morning,1013.82,0.0,0
63076,78,0.12,537420.8,664.6,821.8,763.7,583171.0,0.0015,TCP,1,1,1,1,0.0,6.0,0.58,night,66.46,0.0,0
165422,148,0.22,760952.8,680.8,1123.6,838.3,702707.2,0.0015,TCP,1,1,1,1,0.0,6.0,0.73,afternoon,68.08,0.0,0
105052,97,0.13,783408.9,723.4,1099.9,1106.0,1223167.2,0.0014,TCP,1,1,1,1,0.0,6.0,0.61,afternoon,72.34,0.0,0
119968,123,0.16,763461.2,782.8,982.6,848.1,719264.8,0.0013,TCP,1,1,1,1,0.0,6.0,0.65,night,78.28,0.0,0
2718,4,0.0,2718000.0,5442.2,1728.0,21.4,456.3,0.0002,OTHER,1,1,1,0,0.0,6.0,0.5,morning,544.22,0.0,0
181760,152,0.3,610828.6,510.8,1201.7,1032.8,1066736.1,0.002,TCP,1,1,1,1,0.0,6.0,0.68,night,51.08,0.0,0
2065,4,0.0,2065000.0,222222.2,516.2,637.3,406137.0,0.0,OTHER,1,1,1,0,1.0,6.0,0.75,evening,22222.22,0.0,0
165443,144,0.21,785736.0,683.9,1155.0,850.4,723211.6,0.0015,TCP,1,1,1,1,0.0,6.0,0.75,evening,68.39,0.0,0
2860,4,0.0,2860000.0,5722.5,901.8,646.9,418428.3,0.0002,OTHER,1,1,1,0,0.0,6.0,0.5,morning,572.25,0.0,0
19545,11,0.0,10888579.4,6128.1,1777.9,1095.9,1200897.8,0.0002,TCP,1,1,1,1,1.0,6.0,0.91,morning,612.81,0.0,0
2860,4,0.0,2860000.0,5772.0,902.5,646.3,417720.0,0.0002,OTHER,1,1,1,0,0.0,6.0,0.5,evening,577.2,0.0,0
41279,36,0.06,743739.0,648.6,1157.2,1276.5,1629550.6,0.0016,TCP,1,1,1,0,0.0,6.0,0.64,evening,64.86,0.0,0
105841,104,0.19,563478.6,553.7,1030.6,1197.4,1433739.8,0.0018,TCP,1,1,1,1,0.0,6.0,0.54,night,55.37,0.0,0
578,4,0.0,576271.2,3988.0,1248.5,648.0,419846.7,0.0003,OTHER,1,1,1,0,0.0,6.0,0.5,night,398.8,0.0,0
2860,4,0.0,2860000.0,5641.7,901.8,646.9,418428.3,0.0002,OTHER,1,1,1,0,0.0,6.0,0.5,morning,564.17,0.0,0
110185,106,0.14,773847.1,744.5,1052.0,1184.0,1401793.1,0.0014,TCP,1,1,1,1,0.0,6.0,0.54,afternoon,74.45,0.0,0
2860,4,0.0,2860000.0,5856.5,902.5,646.3,417720.0,0.0002,OTHER,1,1,1,0,0.0,6.0,0.5,evening,585.65,0.0,0
54405,52,0.1,530542.4,507.1,1060.8,1089.0,1186008.1,0.002,TCP,1,1,1,0,0.0,6.0,0.58,night,50.71,0.0,0
98627,92,0.14,687430.3,641.2,1087.1,1206.5,1455748.9,0.0016,TCP,1,1,1,1,0.0,6.0,0.53,night,64.12,0.0,0
104393,112,0.14,732731.6,786.1,943.9,978.3,957028.4,0.0013,TCP,1,1,1,1,0.0,6.0,0.56,afternoon,78.61,0.0,0
578,4,0.0,569458.1,3940.9,1248.5,648.0,419846.7,0.0003,OTHER,1,1,1,0,0.0,6.0,0.5,evening,394.09,0.0,0
578000000,463088,120.0,4816753.4,3859.1,1251.3,1243.9,1547349.5,0.0003,TCP,1,1,1,0,1.0,6.0,0.57,afternoon,385.91,0.0,0
578,4,0.0,565004.9,3910.1,1248.5,648.0,419846.7,0.0003,OTHER,1,1,1,0,0.0,6.0,0.5,afternoon,391.01,0.0,0
76589,85,0.15,526041.4,583.8,911.5,1039.6,1080687.3,0.0017,TCP,1,1,1,1,0.0,6.0,0.55,afternoon,58.38,0.0,0
2065,4,0.0,2065000.0,45977.0,516.2,637.3,406137.0,0.0,OTHER,1,1,1,0,1.0,6.0,0.75,morning,4597.7,0.0,0
578,4,0.0,578000.0,4048.6,1248.5,648.0,419846.7,0.0003,OTHER,1,1,1,0,0.0,6.0,0.5,evening,404.86,0.0,0
2796,4,0.0,2796000.0,5333.3,889.5,626.6,392620.8,0.0003,OTHER,1,1,1,0,0.0,6.0,0.5,night,533.33,0.0,0
539060,449,0.25,2169735.8,1807.2,1204.7,876.4,768014.4,0.0006,TCP,1,1,1,1,0.0,6.0,0.73,afternoon,180.72,0.0,0
542877,463,0.29,1881461.8,1604.6,1173.9,1079.1,1164399.8,0.0006,TCP,1,1,1,1,0.0,6.0,0.63,morning,160.46,0.0,0
107289,106,0.14,744829.7,735.9,1024.7,1140.1,1299756.4,0.0014,TCP,1,1,1,1,0.0,6.0,0.55,morning,73.59,0.0,0
165459,146,0.19,892602.2,787.6,1139.2,879.3,773198.0,0.0013,TCP,1,1,1,1,0.0,6.0,0.71,afternoon,78.76,0.0,0
2668,4,0.0,2668000.0,5449.6,844.0,601.4,361681.2,0.0002,OTHER,1,1,1,0,0.0,6.0,0.5,night,544.96,0.0,0
1756200,1730,1.42,1238477.9,1220.0,1024.1,1207.1,1457120.6,0.0008,TCP,1,1,1,1,0.0,6.0,0.54,evening,122.0,0.0,0
105841,101,0.19,560497.6,534.9,1060.9,1184.7,1403446.9,0.0019,TCP,1,1,1,1,0.0,6.0,0.55,night,53.49,0.0,0
105841,108,0.19,559088.3,570.5,992.2,1052.4,1107624.5,0.0018,TCP,1,1,1,1,0.0,6.0,0.57,night,57.05,0.0,0
2676,4,0.0,2676000.0,43956.0,672.0,892.4,796322.3,0.0,OTHER,1,1,1,0,1.0,6.0,0.75,evening,4395.6,0.0,0
2820,11,0.0,2820000.0,21568.6,509.1,686.0,470663.3,0.0001,OTHER,1,1,1,0,0.0,6.0,0.36,morning,2156.86,0.0,0
630,4,0.0,630000.0,4171.0,1261.5,633.7,401594.7,0.0003,OTHER,1,1,1,0,0.0,6.0,0.5,evening,417.1,0.0,0
658,4,0.0,626666.7,3809.5,1268.5,626.0,391934.7,0.0003,OTHER,1,1,1,0,0.0,6.0,0.5,night,380.95,0.0,0
29980,31,0.06,534145.8,552.3,987.1,997.9,995868.9,0.0019,TCP,1,1,1,0,0.0,6.0,0.65,night,55.23,0.0,0
2820,4,0.0,2820000.0,5121.6,891.0,636.5,405073.2,0.0003,OTHER,1,1,1,0,0.0,6.0,0.5,afternoon,512.16,0.0,0
165422,183,0.24,696768.9,770.8,908.7,755.6,570972.5,0.0013,TCP,1,1,1,1,0.0,6.0,0.63,evening,77.08,0.0,0
104393,104,0.14,730946.2,728.2,1016.5,1113.8,1240552.3,0.0014,TCP,1,1,1,1,0.0,6.0,0.54,morning,72.82,0.0,0
2676,4,0.0,2676000.0,50000.0,672.0,892.4,796322.3,0.0,OTHER,1,1,1,0,1.0,6.0,0.75,morning,5000.0,0.0,0
2884,4,0.0,2884000.0,5270.1,910.0,651.8,424830.0,0.0003,OTHER,1,1,1,0,0.0,6.0,0.5,morning,527.01,0.0,0
2820,11,0.0,2820000.0,22869.0,509.1,686.0,470663.3,0.0,OTHER,1,1,1,0,0.0,6.0,0.36,afternoon,2286.9,0.0,0
2668,4,0.0,2668000.0,6269.6,844.0,601.4,361681.2,0.0002,OTHER,1,1,1,0,0.0,6.0,0.5,night,626.96,0.0,0
2065,4,0.0,2065000.0,45454.5,516.2,637.3,406137.0,0.0,OTHER,1,1,1,0,1.0,6.0,0.75,afternoon,4545.45,0.0,0
1739943,1328,0.47,3697797.2,2822.3,1313.9,1265.2,1600778.0,0.0004,TCP,1,1,1,1,0.0,6.0,0.59,afternoon,282.23,0.0,0
86554,88,0.17,511201.0,519.7,993.5,804.9,647787.1,0.0019,TCP,1,1,1,1,0.0,6.0,0.69,evening,51.97,0.0,0
52400000,35427,5.54,9466959.6,6400.5,1479.1,1768.6,3128096.9,0.0002,TCP,1,1,1,0,0.0,6.0,0.54,night,640.05,0.0,0
2668,4,0.0,2668000.0,6015.0,844.0,601.4,361681.2,0.0002,OTHER,1,1,1,0,0.0,6.0,0.5,morning,601.5,0.0,0
2860,4,0.0,2860000.0,5714.3,902.5,646.3,417720.0,0.0002,OTHER,1,1,1,0,0.0,6.0,0.5,morning,571.43,0.0,0
3431395,2295,2.34,1467827.0,981.7,1495.8,1144.3,1309326.4,0.001,TCP,1,1,1,1,0.0,6.0,0.73,morning,98.17,0.0,0
2884,4,0.0,2884000.0,5532.5,910.0,651.8,424830.0,0.0002,OTHER,1,1,1,0,0.0,6.0,0.5,afternoon,553.25,0.0,0
86554,100,0.15,578449.7,668.3,874.2,809.2,654771.6,0.0015,TCP,1,1,1,1,0.0,6.0,0.61,night,66.83,0.0,0
2820,4,0.0,2820000.0,5141.4,891.0,636.5,405073.2,0.0003,OTHER,1,1,1,0,0.0,6.0,0.5,morning,514.14,0.0,0
2606808,1729,2.52,1036491.4,687.5,1508.2,975.6,951836.1,0.0015,TCP,1,1,1,1,0.0,6.0,0.81,afternoon,68.75,0.0,0
110185,106,0.22,509860.8,490.5,1051.9,1167.2,1362350.3,0.0021,TCP,1,1,1,1,0.0,6.0,0.55,evening,49.05,0.0,0
630,4,0.0,621915.1,3948.7,1261.5,633.7,401594.7,0.0003,OTHER,1,1,1,0,0.0,6.0,0.5,evening,394.87,0.0,0
104393,102,0.14,731396.8,714.6,1036.4,1169.6,1367951.8,0.0014,TCP,1,1,1,1,0.0,6.0,0.54,afternoon,71.46,0.0,0
165422,157,0.27,621541.4,589.9,1059.2,787.2,619693.7,0.0017,TCP,1,1,1,1,0.0,6.0,0.71,evening,58.99,0.0,0
233283,186,0.3,786844.9,627.4,1258.6,889.6,791394.3,0.0016,TCP,1,1,1,1,0.0,6.0,0.76,evening,62.74,0.0,0
165443,136,0.29,577371.8,474.6,1222.9,928.2,861564.2,0.0021,TCP,1,1,1,1,0.0,6.0,0.74,morning,47.46,0.0,0
165422,147,0.18,907630.4,806.6,1131.2,862.5,743913.3,0.0012,TCP,1,1,1,1,0.0,6.0,0.71,morning,80.66,0.0,0
