total_bytes,total_packets,flow_duration,bytes_per_second,packets_per_second,avg_packet_size,std_packet_size,packet_size_variance,avg_inter_arrival_time,protocol_type,protocol_diversity,unique_dst_ports,unique_src_ports,is_encrypted,tcp_flag_ratio,payload_entropy,bidirectional_ratio,time_of_day,connection_rate,failed_connection_ratio,port_scan_indicator
69702,105,0.31,227912.4,343.3,672.6,792.7,628441.5,0.0029,TCP,1,1,1,1,0.0,6.0,0.51,morning,34.33,0.0,0
205141,189,1.07,191166.9,176.1,1088.8,1186.7,1408322.8,0.0057,TCP,1,1,1,0,0.0,6.0,0.53,evening,17.61,0.0,0
1960492,2251,9.07,216230.5,248.3,881.7,933.3,871004.2,0.004,TCP,1,1,1,1,0.0,6.0,0.58,evening,24.83,0.0,0
433011,373,0.73,592053.8,510.0,1164.7,650.5,423183.6,0.002,TCP,1,1,1,1,0.0,6.0,0.8,night,51.0,0.0,0
228288,269,1.6,143033.0,168.5,851.1,907.7,823876.7,0.006,TCP,1,1,1,1,0.0,6.0,0.56,morning,16.85,0.0,0
442540,326,0.87,506806.6,373.3,1360.0,1261.9,1592314.3,0.0027,TCP,1,1,1,1,0.0,6.0,0.62,night,37.33,0.0,0
271547,218,1.2,226672.8,182.0,1252.9,1233.8,1522371.8,0.0055,TCP,1,1,1,1,0.0,6.0,0.59,evening,18.2,0.0,0
1270103,1022,11.66,108955.6,87.7,1246.2,1145.7,1312737.1,0.0114,TCP,1,1,1,1,0.0,6.0,0.63,evening,8.77,0.0,0
1010949,831,1.01,999865.5,821.9,1219.5,1215.6,1477601.3,0.0012,TCP,1,1,1,0,0.0,6.0,0.58,afternoon,82.19,0.0,0
896492,753,1.29,694412.4,583.3,1192.4,1233.6,1521789.2,0.0017,TCP,1,1,1,0,0.0,6.0,0.56,morning,58.33,0.0,0
1956689,2136,9.97,196243.0,214.2,927.2,1077.8,1161597.4,0.0047,TCP,1,1,1,1,0.0,6.0,0.56,evening,21.42,0.0,0
345191,343,2.01,171931.5,170.8,1008.5,991.4,982966.8,0.0059,TCP,1,1,1,1,0.0,6.0,0.6,afternoon,17.08,0.0,0
161503,134,1.38,116746.1,96.9,1210.1,1203.5,1448521.6,0.0104,TCP,1,1,1,0,0.0,6.0,0.58,night,9.69,0.0,0
1608659,1117,2.51,640652.9,444.8,1441.0,1148.2,1318306.8,0.0022,TCP,1,1,1,1,0.0,6.0,0.71,evening,44.48,0.0,0
96968228,75621,88.6,1094416.2,853.5,1284.9,1280.2,1638901.3,0.0012,TCP,1,1,1,0,1.0,6.0,0.57,morning,85.35,0.0,0
2077533,1835,6.75,307636.6,271.7,1138.5,1199.4,1438629.2,0.0037,TCP,1,1,1,0,0.0,6.0,0.56,night,27.17,0.0,0
165385,179,0.22,750821.7,812.6,928.8,743.8,553274.0,0.0012,TCP,1,1,1,1,0.0,6.0,0.64,evening,81.26,0.0,0
369184,324,0.2,1826170.0,1602.7,1150.6,1128.2,1272944.8,0.0006,TCP,1,1,1,1,0.0,6.0,0.58,evening,160.27,0.0,0
137060,202,0.4,345214.9,508.8,682.8,780.9,609728.3,0.002,TCP,1,1,1,1,0.0,6.0,0.5,morning,50.88,0.0,0
86554,97,0.33,264773.7,296.7,901.3,1223.8,1497570.9,0.0034,TCP,1,1,1,1,0.0,6.0,0.45,afternoon,29.67,0.0,0
2672726,2401,7.14,374380.5,336.3,1113.6,1062.0,1127932.8,0.003,TCP,1,1,1,1,0.0,6.0,0.59,night,33.63,0.0,0
166712,148,0.3,563665.6,500.4,1134.6,1288.5,1660221.2,0.002,TCP,1,1,1,1,0.0,6.0,0.53,morning,50.04,0.0,0
191695,189,1.84,104105.3,102.6,1017.5,1063.7,1131462.9,0.0098,TCP,1,1,1,1,0.0,6.0,0.56,night,10.26,0.0,0
671540,622,0.45,1497826.4,1387.3,1082.0,871.0,758624.2,0.0007,TCP,1,1,1,1,0.0,6.0,0.68,night,138.73,0.0,0
219945,192,0.29,767011.0,669.6,1152.0,1159.1,1343570.2,0.0015,TCP,1,1,1,1,0.0,6.0,0.6,evening,66.96,0.0,0
563383,486,1.94,289782.4,250.0,1162.9,680.8,463548.5,0.004,TCP,1,1,1,1,0.0,6.0,0.78,morning,25.0,0.0,0
826540,763,0.62,1340693.1,1237.6,1084.1,1164.8,1356769.2,0.0008,TCP,1,1,1,1,0.0,6.0,0.54,evening,123.76,0.0,0
165385,140,0.56,293641.9,248.6,1187.5,1361.5,1853625.0,0.0041,TCP,1,1,1,1,0.0,6.0,0.5,evening,24.86,0.0,0
272477,295,1.39,196555.3,212.8,928.5,835.6,698231.8,0.0047,TCP,1,1,1,1,0.0,6.0,0.61,afternoon,21.28,0.0,0
1047063,879,0.49,2124618.5,1783.6,1192.0,1022.1,1044762.1,0.0006,TCP,1,1,1,1,0.0,6.0,0.66,evening,178.36,0.0,0
422252,271,0.65,650784.9,417.7,1562.4,2143.3,4593898.3,0.0024,TCP,1,1,1,1,0.0,6.0,0.44,morning,41.77,0.0,0
16000000,13160,120.0,133333.4,109.7,1218.7,1203.5,1448522.3,0.0091,TCP,1,1,1,1,0.5,6.0,0.58,evening,10.97,0.0,0
123862,112,1.11,111200.0,100.6,1109.4,1220.2,1488877.1,0.01,TCP,1,1,1,0,0.0,6.0,0.54,morning,10.06,0.0,0
127579,121,0.3,424094.2,402.2,1063.2,1240.1,1537763.8,0.0025,TCP,1,1,1,1,0.0,6.0,0.55,evening,40.22,0.0,0
181656,155,0.31,592895.3,505.9,1181.9,1197.7,1434534.1,0.002,TCP,1,1,1,1,0.0,6.0,0.59,morning,50.59,0.0,0
117199,113,0.36,325393.7,313.7,1044.4,1150.6,1323948.7,0.0032,TCP,1,1,1,1,0.0,6.0,0.54,night,31.37,0.0,0
133138,149,0.54,245160.8,274.4,899.2,1021.4,1043330.0,0.0037,TCP,1,1,1,1,0.0,6.0,0.58,morning,27.44,0.0,0
355142,257,0.93,383105.6,277.2,1385.8,1139.4,1298149.5,0.0036,TCP,1,1,1,1,0.0,6.0,0.72,afternoon,27.72,0.0,0
120992,121,0.63,191493.9,191.5,1002.6,1091.0,1190192.8,0.0053,TCP,1,1,1,0,0.0,6.0,0.55,evening,19.15,0.0,0
1079693,926,1.16,931727.3,799.1,1168.6,1215.8,1478112.7,0.0013,TCP,1,1,1,0,0.0,6.0,0.55,morning,79.91,0.0,0
434784,379,2.14,203500.8,177.4,1150.8,1098.8,1207468.7,0.0057,TCP,1,1,1,0,0.0,6.0,0.61,afternoon,17.74,0.0,0
645379,393,0.44,1459836.2,889.0,1643.1,1124.7,1264938.5,0.0011,TCP,1,1,1,0,0.0,6.0,0.8,night,88.9,0.0,0
20900000,16900,24.12,866613.5,700.8,1239.5,1215.0,1476138.8,0.0014,TCP,1,1,1,0,0.0,6.0,0.58,evening,70.08,0.0,0
2130088,1677,3.31,643222.3,506.4,1275.9,1183.7,1401148.3,0.002,TCP,1,1,1,1,0.0,6.0,0.62,morning,50.64,0.0,0
229609,277,0.74,310204.0,374.2,860.9,627.3,393485.5,0.0027,TCP,1,1,1,1,0.0,6.0,0.65,evening,37.42,0.0,0
224148,208,1.08,207723.9,192.8,1084.1,1057.1,1117358.4,0.0052,TCP,1,1,1,1,0.0,6.0,0.6,evening,19.28,0.0,0
1053147,1179,5.24,201083.2,225.1,907.9,1009.0,1018163.9,0.0044,TCP,1,1,1,1,0.0,6.0,0.57,morning,22.51,0.0,0
210451,180,1.58,133435.8,114.1,1175.2,1183.7,1401254.9,0.0088,TCP,1,1,1,1,0.0,6.0,0.59,evening,11.41,0.0,0
391012,312,0.38,1020887.1,814.6,1255.2,948.2,899146.3,0.0012,TCP,1,1,1,1,0.0,6.0,0.72,night,81.46,0.0,0
134287,122,0.69,195703.7,177.8,1108.2,1142.0,1304094.9,0.0057,TCP,1,1,1,1,0.0,6.0,0.58,morning,17.78,0.0,0
264545,290,0.4,668048.0,732.3,915.7,849.0,720849.4,0.0014,TCP,1,1,1,1,0.0,6.0,0.61,afternoon,73.23,0.0,0
2978482,3056,4.55,654237.6,671.3,977.8,1049.0,1100364.4,0.0015,TCP,1,1,1,1,0.5,6.0,0.62,evening,67.13,0.0,0
165459,190,0.43,380708.6,437.2,875.4,1174.8,1380204.2,0.0023,TCP,1,1,1,1,0.0,6.0,0.42,night,43.72,0.0,0
677705,613,3.85,176140.4,159.3,1110.2,1051.4,1105391.0,0.0063,TCP,1,1,1,1,0.0,6.0,0.6,afternoon,15.93,0.0,0
399414759,263231,111.49,3582654.0,2361.1,1519.9,1767.9,3125318.4,0.0004,TCP,1,1,1,0,0.0,6.0,0.56,morning,236.11,0.0,0
1131032,988,9.13,123912.4,108.2,1151.6,1199.8,1439531.6,0.0092,TCP,1,1,1,1,0.0,6.0,0.58,night,10.82,0.0,0
147644,165,0.27,544321.7,608.3,898.8,700.5,490741.7,0.0017,TCP,1,1,1,1,0.0,6.0,0.65,morning,60.83,0.0,0
165459,168,0.48,345472.0,350.8,990.1,1276.6,1629660.2,0.0029,TCP,1,1,1,1,0.0,6.0,0.46,afternoon,35.08,0.0,0
1010943,641,1.24,814489.7,516.4,1578.4,1191.3,1419231.4,0.0019,TCP,1,1,1,0,0.0,6.0,0.74,morning,51.64,0.0,0
146449,155,0.22,660727.8,699.3,948.8,1143.0,1306423.5,0.0014,TCP,1,1,1,1,0.0,6.0,0.51,morning,69.93,0.0,0
1823127,1477,12.31,148150.4,120.0,1237.5,1212.9,1471029.9,0.0083,TCP,1,1,1,0,0.0,6.0,0.6,morning,12.0,0.0,0
20000000,15985,90.84,220164.4,176.0,1251.4,1269.0,1610236.8,0.0057,TCP,1,1,1,0,0.0,6.0,0.57,evening,17.6,0.0,0
334184,412,2.61,128265.0,158.1,822.3,713.9,509718.9,0.0063,TCP,1,1,1,1,0.0,6.0,0.64,night,15.81,0.0,0
247027,251,0.33,750876.2,763.0,989.6,908.0,824481.3,0.0013,TCP,1,1,1,1,0.0,6.0,0.61,morning,76.3,0.0,0
1708671,1529,4.8,356059.1,318.6,1118.1,1191.8,1420505.3,0.0031,TCP,1,1,1,1,0.0,6.0,0.53,afternoon,31.86,0.0,0
123767,123,0.52,239377.9,237.9,1015.8,1137.2,1293152.1,0.0042,TCP,1,1,1,1,0.0,6.0,0.54,night,23.79,0.0,0
1708916,1499,3.55,481338.6,422.2,1149.7,1442.0,2079442.9,0.0024,TCP,1,1,1,0,0.0,6.0,0.5,morning,42.22,0.0,0
303934,274,1.08,280183.2,252.6,1114.7,1178.5,1388836.7,0.004,TCP,1,1,1,1,0.0,6.0,0.57,afternoon,25.26,0.0,0
252477,279,0.36,693715.3,766.6,908.0,756.2,571797.5,0.0013,TCP,1,1,1,1,0.0,6.0,0.62,night,76.66,0.0,0
272135,247,0.19,1399677.0,1270.4,1107.4,1172.9,1375810.1,0.0008,TCP,1,1,1,1,0.0,6.0,0.57,evening,127.04,0.0,0
275227,295,1.66,165727.2,177.6,935.2,901.9,813451.0,0.0056,TCP,1,1,1,1,0.0,6.0,0.61,afternoon,17.76,0.0,0
165422,183,0.28,600708.8,664.5,908.7,775.1,600818.7,0.0015,TCP,1,1,1,1,0.0,6.0,0.63,afternoon,66.45,0.0,0
210736,154,0.33,639479.5,467.3,1373.7,1243.6,1546659.3,0.0022,TCP,1,1,1,1,0.0,6.0,0.67,night,46.73,0.0,0
79404,129,0.56,143046.8,232.4,621.6,703.2,494439.7,0.0043,TCP,1,1,1,1,0.0,6.0,0.48,night,23.24,0.0,0
18000000,10988,119.55,150564.6,91.9,1641.6,2090.8,4371520.3,0.0109,TCP,1,1,1,1,0.0,6.0,0.52,morning,9.19,0.0,0
693080,465,0.24,2897673.3,1944.1,1492.3,1148.0,1317978.1,0.0005,TCP,1,1,1,1,0.0,6.0,0.74,night,194.41,0.0,0
367385,250,0.22,1688924.5,1149.3,1481.3,1186.9,1408681.2,0.0009,TCP,1,1,1,1,0.0,6.0,0.7,night,114.93,0.0,0
484457,413,2.47,196278.8,167.3,1196.5,1179.9,1392262.5,0.006,TCP,1,1,1,0,0.0,6.0,0.6,evening,16.73,0.0,0
162231,151,0.94,172663.1,160.7,1080.2,1175.4,1381530.6,0.0063,TCP,1,1,1,1,0.0,6.0,0.57,evening,16.07,0.0,0
146369,164,0.19,780152.0,874.1,896.2,1156.6,1337650.1,0.0012,TCP,1,1,1,1,0.0,6.0,0.47,afternoon,87.41,0.0,0
274755,321,1.88,146493.7,171.2,858.2,887.9,788282.1,0.0059,TCP,1,1,1,1,0.0,6.0,0.57,night,17.12,0.0,0
230685,269,1.79,128593.3,150.0,860.2,921.3,848870.5,0.0067,TCP,1,1,1,1,0.0,6.0,0.59,evening,15.0,0.0,0
6906329,6034,66.48,103883.2,90.8,1147.9,1200.0,1440039.6,0.011,TCP,1,1,1,1,0.0,6.0,0.56,evening,9.08,0.0,0
426210,363,0.43,999878.0,851.6,1176.4,1248.2,1558069.5,0.0012,TCP,1,1,1,1,0.0,6.0,0.55,night,85.16,0.0,0
120349,151,0.23,520138.0,652.6,806.6,699.9,489861.9,0.0015,TCP,1,1,1,1,0.0,6.0,0.59,night,65.26,0.0,0
103836,129,0.3,345121.4,428.8,818.5,695.9,484284.6,0.0024,TCP,1,1,1,1,0.0,6.0,0.6,afternoon,42.88,0.0,0
4249356,3695,11.98,354576.6,308.3,1153.9,1090.5,1189215.0,0.0032,TCP,1,1,1,0,0.0,6.0,0.61,night,30.83,0.0,0
121718,115,0.24,496893.3,469.5,1067.9,1207.9,1459034.1,0.0021,TCP,1,1,1,1,0.0,6.0,0.55,night,46.95,0.0,0
95065,121,0.58,164069.5,208.8,793.1,764.1,583897.0,0.0048,TCP,1,1,1,1,0.0,6.0,0.58,afternoon,20.88,0.0,0
276759,236,1.05,263358.8,224.6,1176.6,1190.1,1416264.3,0.0045,TCP,1,1,1,1,0.0,6.0,0.57,afternoon,22.46,0.0,0
539028,409,0.27,2016000.0,1529.7,1322.3,1051.5,1105565.0,0.0007,TCP,1,1,1,1,0.0,6.0,0.72,afternoon,152.97,0.0,0
1127120,877,0.33,3398317.6,2644.2,1285.8,1216.4,1479545.6,0.0004,TCP,1,1,1,0,0.0,6.0,0.61,night,264.42,0.0,0
161566,192,0.26,627263.0,745.4,845.0,724.9,525476.5,0.0013,TCP,1,1,1,1,0.0,6.0,0.6,morning,74.54,0.0,0
1712316,1446,3.6,475070.3,401.2,1195.6,1355.8,1838182.7,0.0025,TCP,1,1,1,0,0.0,6.0,0.55,afternoon,40.12,0.0,0
284817,253,1.92,148231.6,131.7,1130.3,1160.1,1345912.1,0.0076,TCP,1,1,1,0,0.0,6.0,0.59,afternoon,13.17,0.0,0
804604,808,6.67,120615.1,121.1,1003.4,959.3,920231.7,0.0083,TCP,1,1,1,1,0.0,6.0,0.62,afternoon,12.11,0.0,0
165422,154,0.19,871743.3,811.6,1079.8,1024.1,1048739.0,0.0012,TCP,1,1,1,1,0.0,6.0,0.64,evening,81.16,0.0,0
1047485,910,0.72,1447070.3,1257.1,1151.8,935.6,875412.9,0.0008,TCP,1,1,1,1,0.0,6.0,0.68,evening,125.71,0.0,0
132819,129,0.27,497578.0,483.3,1039.8,1041.0,1083731.9,0.0021,TCP,1,1,1,1,0.0,6.0,0.6,night,48.33,0.0,0
107134,113,0.8,133672.4,141.0,953.9,1083.6,1174116.8,0.0072,TCP,1,1,1,1,0.0,6.0,0.55,afternoon,14.1,0.0,0
722089,748,0.58,1244056.6,1288.7,966.2,1028.1,1056901.8,0.0008,TCP,1,1,1,1,0.0,6.0,0.54,evening,128.87,0.0,0
530779,471,1.87,283253.1,251.4,1130.7,1225.7,1502224.5,0.004,TCP,1,1,1,1,0.0,6.0,0.54,evening,25.14,0.0,0
617530,475,5.83,105943.7,81.5,1300.7,1268.9,1610047.5,0.0123,TCP,1,1,1,0,0.0,6.0,0.6,afternoon,8.15,0.0,0
284007,277,0.18,1571434.9,1532.7,1028.4,1030.6,1062187.1,0.0007,TCP,1,1,1,1,0.0,6.0,0.59,evening,153.27,0.0,0
245000000,192429,117.49,2085249.5,1637.8,1272.7,1269.3,1611074.4,0.0006,TCP,1,1,1,0,1.0,6.0,0.57,morning,163.78,0.0,0
127053,142,0.75,168540.8,188.4,900.5,1095.1,1199161.7,0.0053,TCP,1,1,1,1,0.0,6.0,0.52,morning,18.84,0.0,0
514000000,402137,119.91,4286492.3,3353.6,1277.9,1290.6,1665617.1,0.0003,TCP,1,1,1,0,0.0,6.0,0.57,evening,335.36,0.0,0
549658,420,2.36,233172.2,178.2,1330.8,1149.7,1321790.9,0.0056,TCP,1,1,1,1,0.0,6.0,0.64,night,17.82,0.0,0
136759,134,0.31,437675.0,428.8,1026.1,1181.6,1396274.0,0.0023,TCP,1,1,1,0,0.0,6.0,0.52,afternoon,42.88,0.0,0
165443,162,0.21,806276.0,789.5,1026.6,793.3,629382.2,0.0013,TCP,1,1,1,1,0.0,6.0,0.69,night,78.95,0.0,0
343410,326,0.43,806838.9,765.9,1055.9,1032.7,1066453.1,0.0013,TCP,1,1,1,1,0.0,6.0,0.6,evening,76.59,0.0,0
1982998,2072,0.8,2470887.0,2581.8,959.8,725.2,525870.6,0.0004,TCP,1,1,1,1,0.0,6.0,0.65,night,258.18,0.0,0
1891836,1828,9.72,194690.7,188.1,1041.9,1261.1,1590456.7,0.0053,TCP,1,1,1,1,0.0,6.0,0.5,evening,18.81,0.0,0
216330,180,1.62,133895.2,111.4,1216.2,1169.9,1368729.6,0.009,TCP,1,1,1,1,0.0,6.0,0.63,night,11.14,0.0,0
216162,165,0.75,287508.7,219.5,1315.4,1139.7,1298922.0,0.0046,TCP,1,1,1,1,0.0,6.0,0.67,evening,21.95,0.0,0
415785,360,2.2,188833.6,163.5,1159.7,1194.8,1427551.7,0.0061,TCP,1,1,1,1,0.0,6.0,0.57,night,16.35,0.0,0
162068,147,1.46,110831.1,100.5,1107.9,1186.1,1406731.6,0.01,TCP,1,1,1,0,0.0,6.0,0.56,evening,10.05,0.0,0
175984,210,0.55,320284.8,382.2,841.2,723.4,523342.1,0.0026,TCP,1,1,1,1,0.0,6.0,0.6,afternoon,38.22,0.0,0
31300000,29728,51.85,603675.0,573.4,1052.3,976.1,952734.3,0.0017,TCP,1,1,1,1,0.0,6.0,0.6,morning,57.34,0.0,0
1096695,970,5.97,183570.3,162.4,1142.1,1104.5,1219843.5,0.0062,TCP,1,1,1,0,0.0,6.0,0.6,night,16.24,0.0,0
54100000,42773,11.96,4522546.9,3575.7,1263.9,1198.1,1435512.4,0.0003,TCP,1,1,1,0,0.0,6.0,0.6,evening,357.57,0.0,0
3032747,2681,0.66,4614950.5,4079.7,1134.1,1087.1,1181815.2,0.0002,TCP,1,1,1,1,0.0,6.0,0.6,morning,407.97,0.0,0
118540,135,0.28,417603.2,475.6,884.1,976.3,953149.5,0.0021,TCP,1,1,1,1,0.0,6.0,0.54,evening,47.56,0.0,0
191415,167,0.66,291199.4,254.1,1155.5,1181.1,1395113.8,0.004,TCP,1,1,1,1,0.0,6.0,0.57,evening,25.41,0.0,0
156423,144,1.46,107397.7,98.9,1091.4,1055.0,1112944.0,0.0102,TCP,1,1,1,0,0.0,6.0,0.6,evening,9.89,0.0,0
704811,546,0.29,2406656.4,1864.4,1292.6,1172.3,1374192.5,0.0005,TCP,1,1,1,1,0.0,6.0,0.66,morning,186.44,0.0,0
346080,390,1.81,190788.3,215.0,889.1,865.0,748146.0,0.0047,TCP,1,1,1,1,0.0,6.0,0.61,night,21.5,0.0,0
55700000,51751,118.07,471753.5,438.3,1079.8,1101.7,1213752.5,0.0023,TCP,1,1,1,1,0.5,6.0,0.6,morning,43.83,0.0,0
338301,344,2.59,130785.1,133.0,1011.3,1089.3,1186485.2,0.0075,TCP,1,1,1,1,0.0,6.0,0.57,evening,13.3,0.0,0
560000000,445020,120.0,4666670.2,3708.5,1261.7,1254.5,1573719.2,0.0003,TCP,1,1,1,0,1.0,6.0,0.57,night,370.85,0.0,0
266428,271,1.75,152292.8,154.9,985.6,879.1,772814.5,0.0065,TCP,1,1,1,1,0.0,6.0,0.65,morning,15.49,0.0,0
125626,121,0.96,131354.9,126.5,1049.1,1228.1,1508135.0,0.008,TCP,1,1,1,1,0.0,6.0,0.54,evening,12.65,0.0,0
248366,220,2.24,111054.1,98.4,1140.7,1187.1,1409308.2,0.0102,TCP,1,1,1,0,0.0,6.0,0.56,morning,9.84,0.0,0
7595743,6156,61.27,123966.7,100.5,1237.5,1266.0,1602822.4,0.01,TCP,1,1,1,1,0.0,6.0,0.56,afternoon,10.05,0.0,0
273573,289,1.47,186260.7,196.8,951.1,859.4,738585.0,0.0051,TCP,1,1,1,1,0.0,6.0,0.63,evening,19.68,0.0,0
2082199,1599,12.47,166925.1,128.2,1305.0,1222.8,1495274.0,0.0078,TCP,1,1,1,0,0.0,6.0,0.62,night,12.82,0.0,0
165385,170,0.32,521990.9,536.6,978.0,796.0,633691.2,0.0019,TCP,1,1,1,1,0.0,6.0,0.65,afternoon,53.66,0.0,0
152328,140,0.95,159673.8,146.8,1104.1,1181.8,1396571.7,0.0069,TCP,1,1,1,1,0.0,6.0,0.56,night,14.68,0.0,0
4248697,3722,12.43,341853.0,299.5,1145.4,1094.9,1198831.8,0.0033,TCP,1,1,1,0,0.0,6.0,0.61,morning,29.95,0.0,0
282249,247,0.22,1261515.7,1104.0,1149.0,1173.2,1376338.8,0.0009,TCP,1,1,1,1,0.0,6.0,0.6,evening,110.4,0.0,0
575681633,449940,120.0,4797353.5,3749.5,1282.1,1275.1,1625935.0,0.0003,TCP,1,1,1,0,1.0,6.0,0.57,evening,374.95,0.0,0
1010943,638,1.53,662311.9,418.0,1585.8,1150.8,1324323.3,0.0024,TCP,1,1,1,0,0.0,6.0,0.75,evening,41.8,0.0,0
217477,274,2.05,106102.6,133.7,828.8,742.3,550977.0,0.0075,TCP,1,1,1,1,0.0,6.0,0.57,afternoon,13.37,0.0,0
204351,249,1.39,147033.0,179.2,830.4,721.6,520746.8,0.0056,TCP,1,1,1,1,0.0,6.0,0.61,afternoon,17.92,0.0,0
152039,131,1.08,140853.8,121.4,1165.4,1222.6,1494847.1,0.0083,TCP,1,1,1,1,0.0,6.0,0.56,evening,12.14,0.0,0
316969,269,0.6,529161.8,449.1,1184.0,1177.7,1386932.0,0.0022,TCP,1,1,1,1,0.0,6.0,0.59,evening,44.91,0.0,0
55700000,43957,118.45,470234.4,371.1,1271.7,1251.3,1565841.5,0.0027,TCP,1,1,1,1,0.5,6.0,0.58,morning,37.11,0.0,0
237657,192,0.14,1659245.1,1340.5,1242.8,1297.9,1684432.3,0.0007,TCP,1,1,1,0,0.0,6.0,0.56,afternoon,134.05,0.0,0
165406,154,0.61,270654.2,252.0,1079.7,1329.6,1767769.7,0.004,TCP,1,1,1,1,0.0,6.0,0.48,night,25.2,0.0,0
855643,931,5.92,144475.0,157.2,921.1,1057.1,1117476.5,0.0064,TCP,1,1,1,1,0.0,6.0,0.51,evening,15.72,0.0,0
130930,126,0.54,241751.1,232.6,1048.2,1152.9,1329165.1,0.0043,TCP,1,1,1,1,0.0,6.0,0.56,night,23.26,0.0,0
148893,153,1.17,127191.4,130.7,979.1,1043.0,1087931.8,0.0077,TCP,1,1,1,1,0.0,6.0,0.55,evening,13.07,0.0,0
4321826,4188,36.78,117495.9,113.9,1034.8,934.9,874043.7,0.0088,TCP,1,1,1,1,0.0,6.0,0.62,night,11.39,0.0,0
20000000,15994,86.89,230164.6,184.1,1252.9,1262.0,1592715.3,0.0054,TCP,1,1,1,0,0.0,6.0,0.57,morning,18.41,0.0,0
219707,191,0.4,552283.0,480.1,1152.2,1098.8,1207446.9,0.0021,TCP,1,1,1,0,0.0,6.0,0.61,morning,48.01,0.0,0
355913,311,0.27,1310768.6,1145.4,1149.5,1224.8,1500163.7,0.0009,TCP,1,1,1,1,0.0,6.0,0.56,night,114.54,0.0,0
165443,171,0.24,686516.8,709.6,972.6,741.7,550091.8,0.0014,TCP,1,1,1,1,0.0,6.0,0.67,evening,70.96,0.0,0
18000000,12670,119.75,150311.3,105.8,1424.1,1872.6,3506479.0,0.0095,TCP,1,1,1,1,0.0,6.0,0.5,evening,10.58,0.0,0
1141672,873,11.01,103700.8,79.3,1309.5,1301.2,1693055.6,0.0126,TCP,1,1,1,0,0.0,6.0,0.59,afternoon,7.93,0.0,0
148036,157,1.09,135382.0,143.6,992.3,970.2,941207.1,0.007,TCP,1,1,1,0,0.0,6.0,0.57,morning,14.36,0.0,0
165459,160,0.33,506644.7,489.9,1039.6,1387.7,1925845.6,0.0021,TCP,1,1,1,1,0.0,6.0,0.43,afternoon,48.99,0.0,0
375341,313,2.9,129323.9,107.8,1225.8,1158.1,1341242.9,0.0093,TCP,1,1,1,1,0.0,6.0,0.64,afternoon,10.78,0.0,0
281524,241,0.24,1172074.1,1003.4,1172.0,1021.1,1042656.8,0.001,TCP,1,1,1,1,0.0,6.0,0.66,afternoon,100.34,0.0,0
203180,289,0.47,432607.1,615.3,716.5,703.2,494522.4,0.0016,TCP,1,1,1,1,0.0,6.0,0.6,evening,61.53,0.0,0
165385,181,0.32,513646.7,562.1,918.5,748.1,559641.1,0.0018,TCP,1,1,1,1,0.0,6.0,0.64,evening,56.21,0.0,0
1399418,1197,12.58,111245.2,95.2,1171.7,1053.0,1108734.5,0.0105,TCP,1,1,1,1,0.0,6.0,0.65,morning,9.52,0.0,0
79603,108,0.18,443537.5,601.8,757.8,1060.4,1124392.4,0.0017,TCP,1,1,1,1,0.0,6.0,0.5,evening,60.18,0.0,0
412746,356,3.89,105995.6,91.4,1172.9,1213.3,1472109.2,0.011,TCP,1,1,1,1,0.0,6.0,0.57,evening,9.14,0.0,0
1070692,629,0.46,2331189.4,1369.5,1703.5,1217.1,1481444.9,0.0007,TCP,1,1,1,1,0.0,6.0,0.78,morning,136.95,0.0,0
320799,282,0.58,553841.8,486.9,1138.2,1227.9,1507789.2,0.0021,TCP,1,1,1,0,0.0,6.0,0.53,night,48.69,0.0,0
260537,272,1.19,218487.2,228.1,962.7,839.9,705365.1,0.0044,TCP,1,1,1,1,0.0,6.0,0.64,morning,22.81,0.0,0
118323,131,0.15,810315.0,897.1,913.3,840.2,705967.7,0.0011,TCP,1,1,1,1,0.0,6.0,0.61,afternoon,89.71,0.0,0
1412897,1234,5.78,244421.2,213.5,1147.0,1109.2,1230403.5,0.0047,TCP,1,1,1,0,0.0,6.0,0.59,evening,21.35,0.0,0
165385,175,0.25,652424.3,690.4,950.0,757.1,573205.3,0.0015,TCP,1,1,1,1,0.0,6.0,0.65,morning,69.04,0.0,0
3431156,2358,1.59,2160427.3,1484.7,1455.8,1410.9,1990666.4,0.0007,TCP,1,1,1,1,0.0,6.0,0.66,afternoon,148.47,0.0,0
1374735,1255,10.99,125046.4,114.2,1096.8,1060.3,1124306.3,0.0088,TCP,1,1,1,1,0.0,6.0,0.6,morning,11.42,0.0,0
1948416,1941,3.7,526237.0,524.2,1014.9,1240.0,1537654.2,0.0019,TCP,1,1,1,1,0.0,6.0,0.52,night,52.42,0.0,0
288046,249,2.02,142545.9,123.2,1163.5,1208.7,1460901.7,0.0081,TCP,1,1,1,1,0.0,6.0,0.58,evening,12.32,0.0,0
617535,503,5.98,103275.2,84.1,1228.3,1255.0,1575140.8,0.0119,TCP,1,1,1,0,0.0,6.0,0.56,morning,8.41,0.0,0
165443,166,0.27,602533.3,604.6,1001.9,738.6,545592.3,0.0017,TCP,1,1,1,1,0.0,6.0,0.69,night,60.46,0.0,0
283934,296,1.94,146350.5,152.6,961.7,1000.5,1001078.1,0.0066,TCP,1,1,1,1,0.0,6.0,0.57,afternoon,15.26,0.0,0
15400000,14566,118.0,130505.7,123.4,1061.2,974.1,948959.0,0.0081,TCP,1,1,1,1,0.0,6.0,0.63,night,12.34,0.0,0
404949,333,1.94,209137.3,172.0,1219.6,1210.5,1465219.1,0.0058,TCP,1,1,1,0,0.0,6.0,0.59,morning,17.2,0.0,0
86533,96,0.3,292726.9,324.8,910.5,1332.6,1775887.6,0.0031,TCP,1,1,1,1,0.0,6.0,0.41,afternoon,32.48,0.0,0
166455,177,0.94,177395.7,188.6,942.1,932.7,869899.7,0.0053,TCP,1,1,1,0,0.0,6.0,0.61,evening,18.86,0.0,0
159870,175,0.12,1384851.3,1515.9,917.0,785.3,616651.2,0.0007,TCP,1,1,1,1,0.0,6.0,0.62,night,151.59,0.0,0
31300000,29948,109.58,285637.7,273.3,1044.6,957.6,917082.1,0.0037,TCP,1,1,1,1,0.0,6.0,0.6,night,27.33,0.0,0
6535452,7388,34.75,188047.3,212.6,886.1,1058.0,1119445.0,0.0047,TCP,1,1,1,1,0.0,6.0,0.48,evening,21.26,0.0,0
162519,145,0.92,177477.9,158.3,1127.1,1233.5,1521427.4,0.0064,TCP,1,1,1,1,0.0,6.0,0.56,morning,15.83,0.0,0
447341,601,4.38,102076.6,137.1,759.7,775.9,602052.7,0.0073,TCP,1,1,1,1,0.0,6.0,0.53,morning,13.71,0.0,0
256908,281,0.85,301247.4,329.5,919.1,768.9,591246.8,0.003,TCP,1,1,1,1,0.0,6.0,0.63,afternoon,32.95,0.0,0
165422,165,0.49,334778.3,333.9,1007.8,1250.4,1563609.3,0.003,TCP,1,1,1,1,0.0,6.0,0.46,morning,33.39,0.0,0
3167546,2801,21.11,150017.2,132.7,1133.5,904.2,817556.4,0.0075,TCP,1,1,1,1,0.0,6.0,0.68,afternoon,13.27,0.0,0
200817,176,0.39,512438.6,449.1,1145.6,1203.9,1449354.6,0.0022,TCP,1,1,1,1,0.0,6.0,0.59,morning,44.91,0.0,0
157033,152,1.07,146842.7,142.1,1041.6,1187.9,1411158.4,0.0071,TCP,1,1,1,1,0.0,6.0,0.53,night,14.21,0.0,0
1225631,943,5.29,231625.7,178.2,1304.4,1193.9,1425429.3,0.0056,TCP,1,1,1,1,0.0,6.0,0.63,morning,17.82,0.0,0
162634,152,0.62,263469.2,246.2,1071.9,1162.8,1352094.3,0.0041,TCP,1,1,1,0,0.0,6.0,0.53,evening,24.62,0.0,0
232918,210,0.44,525399.5,473.7,1115.4,1184.3,1402599.2,0.0021,TCP,1,1,1,1,0.0,6.0,0.56,afternoon,47.37,0.0,0
165422,219,0.52,315472.9,417.7,759.3,807.9,652646.4,0.0024,TCP,1,1,1,1,0.0,6.0,0.53,morning,41.77,0.0,0
160358,128,0.16,989088.8,789.5,1259.3,1253.0,1569995.4,0.0013,TCP,1,1,1,1,0.0,6.0,0.59,evening,78.95,0.0,0
714230,497,0.26,2765203.7,1924.2,1438.3,1215.8,1478176.9,0.0005,TCP,1,1,1,1,0.0,6.0,0.67,morning,192.42,0.0,0
51400000,45401,119.42,430406.6,380.2,1135.1,1166.0,1359640.3,0.0026,TCP,1,1,1,1,0.5,6.0,0.59,afternoon,38.02,0.0,0
86554,110,0.3,285947.4,363.4,794.8,1201.1,1442668.7,0.0028,TCP,1,1,1,1,0.0,6.0,0.5,night,36.34,0.0,0
1102341,898,3.64,303196.0,247.0,1229.2,1246.8,1554585.3,0.0041,TCP,1,1,1,1,0.0,6.0,0.56,night,24.7,0.0,0
1210483,1197,2.94,412115.4,407.5,1012.5,993.2,986509.3,0.0025,TCP,1,1,1,1,0.0,6.0,0.58,night,40.75,0.0,0
20000000,16238,89.86,222569.2,180.7,1234.3,1235.6,1526714.2,0.0055,TCP,1,1,1,0,0.0,6.0,0.57,morning,18.07,0.0,0
114035,132,0.38,296229.4,342.9,873.2,995.9,991813.1,0.0029,TCP,1,1,1,1,0.0,6.0,0.53,night,34.29,0.0,0
3593110,3143,2.04,1757023.7,1536.9,1144.5,1067.8,1140245.2,0.0007,TCP,1,1,1,0,0.0,6.0,0.61,night,153.69,0.0,0
328437,343,1.68,195501.0,204.2,961.7,902.6,814730.1,0.0049,TCP,1,1,1,1,0.0,6.0,0.62,night,20.42,0.0,0
354923,329,1.54,229956.1,213.2,1088.4,1157.1,1338955.1,0.0047,TCP,1,1,1,1,0.0,6.0,0.54,night,21.32,0.0,0
1188615,1030,6.94,171308.9,148.4,1157.2,1158.7,1342534.0,0.0067,TCP,1,1,1,1,0.0,6.0,0.59,night,14.84,0.0,0
183341,166,0.41,446395.8,404.2,1111.6,1164.3,1355656.5,0.0025,TCP,1,1,1,1,0.0,6.0,0.57,morning,40.42,0.0,0
260798,192,2.42,107942.7,79.5,1365.3,1159.7,1344814.0,0.0126,TCP,1,1,1,1,0.0,6.0,0.69,night,7.95,0.0,0
183353,158,0.29,622565.5,536.5,1170.1,1227.0,1505513.1,0.0019,TCP,1,1,1,1,0.0,6.0,0.57,night,53.65,0.0,0
165443,167,0.22,742139.8,749.1,995.9,835.7,698387.4,0.0013,TCP,1,1,1,1,0.0,6.0,0.65,evening,74.91,0.0,0
162793,157,0.9,181490.3,175.0,1043.4,1016.1,1032537.2,0.0057,TCP,1,1,1,1,0.0,6.0,0.6,night,17.5,0.0,0
178920,189,1.65,108182.5,114.3,951.0,966.3,933808.4,0.0088,TCP,1,1,1,1,0.0,6.0,0.56,afternoon,11.43,0.0,0
677691,632,4.29,157943.2,147.3,1074.5,1095.4,1199856.4,0.0068,TCP,1,1,1,1,0.0,6.0,0.57,evening,14.73,0.0,0
2480412,2091,0.77,3232519.0,2725.0,1188.9,1199.0,1437548.6,0.0004,TCP,1,1,1,1,0.0,6.0,0.57,evening,272.5,0.0,0
199924,196,0.19,1051810.9,1031.2,1024.3,914.4,836215.3,0.001,TCP,1,1,1,1,0.0,6.0,0.63,afternoon,103.12,0.0,0
1420580,1097,0.33,4355229.4,3363.2,1295.5,1292.9,1671557.4,0.0003,TCP,1,1,1,0,0.0,6.0,0.57,afternoon,336.32,0.0,0
193554,175,1.2,161131.6,145.7,1109.4,1113.4,1239758.8,0.0069,TCP,1,1,1,1,0.0,6.0,0.58,night,14.57,0.0,0
1850424,1678,14.56,127084.0,115.2,1103.8,1242.5,1543729.0,0.0087,TCP,1,1,1,0,0.0,6.0,0.51,morning,11.52,0.0,0
421086,416,0.4,1043051.1,1030.5,1016.4,951.1,904537.1,0.001,TCP,1,1,1,1,0.0,6.0,0.61,afternoon,103.05,0.0,0
19400000,16545,6.48,2995576.4,2554.7,1172.9,1029.2,1059197.5,0.0004,TCP,1,1,1,1,0.0,6.0,0.64,morning,255.47,0.0,0
110185,112,0.49,223216.0,226.9,995.8,1092.8,1194268.3,0.0044,TCP,1,1,1,1,0.0,6.0,0.54,afternoon,22.69,0.0,0
632022,389,4.85,130297.0,80.2,1674.1,1779.0,3164675.9,0.0125,TCP,1,1,1,1,0.0,6.0,0.6,night,8.02,0.0,0
468507,343,0.8,587540.3,430.1,1369.3,2014.6,4058543.0,0.0023,TCP,1,1,1,1,0.0,6.0,0.44,evening,43.01,0.0,0
62558387,41014,65.28,958283.6,628.3,1527.8,1745.1,3045211.2,0.0016,TCP,1,1,1,1,0.0,6.0,0.56,morning,62.83,0.0,0
23600000,19069,26.36,895453.1,723.5,1243.0,1227.1,1505656.7,0.0014,TCP,1,1,1,0,0.0,6.0,0.58,morning,72.35,0.0,0
542877,463,0.29,1881461.8,1604.6,1173.9,1079.1,1164399.8,0.0006,TCP,1,1,1,1,0.0,6.0,0.63,night,160.46,0.0,0
1156063,885,10.83,106791.5,81.8,1307.1,1147.9,1317608.4,0.0122,TCP,1,1,1,1,0.0,6.0,0.66,morning,8.18,0.0,0
717608,503,1.0,721008.3,505.4,1428.0,912.5,832725.4,0.002,TCP,1,1,1,1,0.0,6.0,0.82,night,50.54,0.0,0
165385,172,0.23,713681.6,742.2,966.6,828.2,685947.8,0.0014,TCP,1,1,1,1,0.0,6.0,0.63,morning,74.22,0.0,0
137653,129,0.37,374058.1,350.5,1076.1,1168.4,1365218.1,0.0029,TCP,1,1,1,1,0.0,6.0,0.55,afternoon,35.05,0.0,0
153146,172,0.43,354422.6,398.1,895.1,747.5,558711.0,0.0025,TCP,1,1,1,1,0.0,6.0,0.63,morning,39.81,0.0,0
263396,319,1.42,185530.4,224.7,827.7,679.6,461820.0,0.0045,TCP,1,1,1,1,0.0,6.0,0.66,afternoon,22.47,0.0,0
107432,116,0.52,206616.7,223.1,933.6,1059.1,1121677.7,0.0045,TCP,1,1,1,1,0.0,6.0,0.56,evening,22.31,0.0,0
224129,215,1.13,198550.4,190.5,1046.7,1156.0,1336233.4,0.0053,TCP,1,1,1,1,0.0,6.0,0.54,night,19.05,0.0,0
546628,333,3.52,155284.3,94.6,1673.9,1596.4,2548452.4,0.0106,TCP,1,1,1,1,0.0,6.0,0.62,morning,9.46,0.0,0
3469672,2957,4.55,762409.6,649.8,1173.8,1302.0,1695195.1,0.0015,TCP,1,1,1,1,0.0,6.0,0.51,evening,64.98,0.0,0
181656,169,0.29,620719.3,577.5,1084.0,1032.5,1066001.5,0.0017,TCP,1,1,1,1,0.0,6.0,0.61,afternoon,57.75,0.0,0
162085,180,1.43,113588.0,126.1,904.5,958.0,917832.4,0.008,TCP,1,1,1,1,0.0,6.0,0.57,morning,12.61,0.0,0
162519,155,0.91,178870.8,170.6,1054.3,1047.2,1096713.6,0.0059,TCP,1,1,1,1,0.0,6.0,0.59,morning,17.06,0.0,0
6512995,5389,48.21,135100.4,111.8,1210.8,1282.6,1645172.3,0.0089,TCP,1,1,1,0,0.0,6.0,0.53,morning,11.18,0.0,0
252653,283,0.32,800208.4,896.3,895.7,728.1,530062.3,0.0011,TCP,1,1,1,1,0.0,6.0,0.62,evening,89.63,0.0,0
199304,184,0.34,593824.1,548.2,1090.4,1185.2,1404811.6,0.0018,TCP,1,1,1,1,0.0,6.0,0.54,night,54.82,0.0,0
176805,203,0.28,637532.6,732.0,874.3,710.0,504114.5,0.0014,TCP,1,1,1,1,0.0,6.0,0.63,evening,73.2,0.0,0
86533,89,0.31,275841.1,283.7,982.1,1365.5,1864664.2,0.0036,TCP,1,1,1,1,0.0,6.0,0.43,morning,28.37,0.0,0
345344,266,1.76,195943.2,150.9,1301.5,1126.6,1269269.0,0.0067,TCP,1,1,1,1,0.0,6.0,0.68,morning,15.09,0.0,0
421372,343,2.21,190262.2,154.9,1232.8,1258.3,1583395.5,0.0065,TCP,1,1,1,0,0.0,6.0,0.56,night,15.49,0.0,0
165443,185,0.49,336801.6,376.6,899.0,1060.7,1124993.5,0.0027,TCP,1,1,1,1,0.0,6.0,0.49,afternoon,37.66,0.0,0
142156,136,1.35,104992.9,100.4,1051.5,998.1,996111.1,0.01,TCP,1,1,1,0,0.0,6.0,0.61,morning,10.04,0.0,0
130327,145,0.45,288509.6,321.0,903.1,1165.2,1357790.1,0.0031,TCP,1,1,1,1,0.0,6.0,0.47,morning,32.1,0.0,0
273702,316,1.44,189869.1,219.2,868.3,945.2,893449.2,0.0046,TCP,1,1,1,1,0.0,6.0,0.56,afternoon,21.92,0.0,0
3640706,4231,18.16,200474.2,233.0,886.3,619.3,383587.1,0.0043,TCP,1,1,1,1,0.0,6.0,0.66,morning,23.3,0.0,0
202754,200,0.34,594773.1,586.7,1020.4,986.5,973111.4,0.0017,TCP,1,1,1,1,0.0,6.0,0.6,evening,58.67,0.0,0
157819,142,1.16,136309.6,122.6,1115.8,1135.4,1289071.8,0.0082,TCP,1,1,1,1,0.0,6.0,0.59,afternoon,12.26,0.0,0
411154,389,0.3,1377460.3,1303.2,1061.4,970.9,942617.1,0.0008,TCP,1,1,1,1,0.0,6.0,0.63,evening,130.32,0.0,0
2005049,1582,12.33,162597.8,128.3,1270.9,1197.4,1433750.5,0.0078,TCP,1,1,1,0,0.0,6.0,0.62,evening,12.83,0.0,0
165459,166,0.19,892770.8,895.7,1002.0,810.7,657254.8,0.0011,TCP,1,1,1,1,0.0,6.0,0.67,evening,89.57,0.0,0
110185,111,0.14,774881.1,780.6,1004.8,1127.7,1271730.2,0.0013,TCP,1,1,1,1,0.0,6.0,0.54,morning,78.06,0.0,0
639035,503,3.33,192085.3,151.2,1276.3,1252.9,1569686.1,0.0066,TCP,1,1,1,0,0.0,6.0,0.6,morning,15.12,0.0,0
215903,173,0.16,1334382.0,1069.2,1256.2,1244.9,1549711.6,0.0009,TCP,1,1,1,1,0.0,6.0,0.6,afternoon,106.92,0.0,0
121542,143,0.89,136482.5,160.6,856.8,886.4,785715.6,0.0063,TCP,1,1,1,1,0.0,6.0,0.6,morning,16.06,0.0,0
539013,398,0.72,751634.7,555.0,1358.6,1011.6,1023267.7,0.0018,TCP,1,1,1,1,0.0,6.0,0.75,night,55.5,0.0,0
136994,156,0.34,407882.9,464.5,885.7,790.5,624850.2,0.0022,TCP,1,1,1,1,0.0,6.0,0.62,morning,46.45,0.0,0
195828,172,0.16,1251769.0,1099.5,1157.1,1167.3,1362592.2,0.0009,TCP,1,1,1,1,0.0,6.0,0.56,afternoon,109.95,0.0,0
3852167,2895,34.09,113004.0,84.9,1333.4,1808.8,3271591.2,0.0118,TCP,1,1,1,1,0.0,6.0,0.51,night,8.49,0.0,0
248061,221,2.47,100519.6,89.6,1149.3,1147.0,1315552.5,0.0112,TCP,1,1,1,0,0.0,6.0,0.57,afternoon,8.96,0.0,0
766520,649,0.51,1502099.7,1271.8,1182.0,1065.4,1135068.0,0.0008,TCP,1,1,1,1,0.0,6.0,0.64,afternoon,127.18,0.0,0
13100000,10332,118.53,110524.0,87.2,1271.6,1696.5,2878039.4,0.0115,TCP,1,1,1,1,0.0,6.0,0.55,afternoon,8.72,0.0,0
227000000,181974,110.29,2058183.1,1649.9,1252.3,1244.4,1548582.8,0.0006,TCP,1,1,1,0,1.0,6.0,0.57,afternoon,164.99,0.0,0
124183,147,0.31,398936.7,472.2,854.8,792.7,628304.6,0.0021,TCP,1,1,1,1,0.0,6.0,0.59,morning,47.22,0.0,0
433011,394,0.49,875640.0,796.8,1102.6,657.4,432129.0,0.0013,TCP,1,1,1,1,0.0,6.0,0.77,afternoon,79.68,0.0,0
2705984,2118,24.2,111802.6,87.5,1279.8,1254.2,1573132.9,0.0114,TCP,1,1,1,0,0.0,6.0,0.59,evening,8.75,0.0,0
165422,167,0.18,936959.1,945.9,995.8,868.3,753942.0,0.0011,TCP,1,1,1,1,0.0,6.0,0.64,afternoon,94.59,0.0,0
454000000,366475,120.0,3783334.8,3054.0,1240.6,1249.2,1560602.7,0.0003,TCP,1,1,1,0,1.0,6.0,0.57,morning,305.4,0.0,0
128623,120,1.12,115326.0,107.6,1075.1,1205.4,1452899.6,0.0094,TCP,1,1,1,0,0.0,6.0,0.54,evening,10.76,0.0,0
147161,168,0.29,500890.1,571.8,881.9,764.2,584060.8,0.0018,TCP,1,1,1,1,0.0,6.0,0.62,night,57.18,0.0,0
2186992,1953,14.43,151585.2,135.4,1122.9,1469.3,2158708.3,0.0074,TCP,1,1,1,0,0.0,6.0,0.47,morning,13.54,0.0,0
269832,226,0.18,1468913.1,1230.3,1206.2,1225.7,1502232.5,0.0008,TCP,1,1,1,1,0.0,6.0,0.58,evening,123.03,0.0,0
97240,116,0.51,192101.8,229.2,845.3,940.1,883819.8,0.0044,TCP,1,1,1,1,0.0,6.0,0.55,morning,22.92,0.0,0
14600000,14168,119.99,121680.2,118.1,1035.7,1100.3,1210760.6,0.0085,TCP,1,1,1,1,0.5,6.0,0.57,morning,11.81,0.0,0
165385,171,0.23,722501.8,747.0,972.3,870.7,758095.5,0.0013,TCP,1,1,1,1,0.0,6.0,0.63,afternoon,74.7,0.0,0
162665,160,0.16,1029010.8,1012.2,1022.0,918.1,842959.2,0.001,TCP,1,1,1,1,0.0,6.0,0.63,night,101.22,0.0,0
83908,113,0.09,978165.3,1317.3,747.9,775.3,601097.3,0.0008,TCP,1,1,1,0,0.0,6.0,0.51,morning,131.73,0.0,0
436244,387,2.64,165531.4,146.8,1130.5,1113.6,1240006.1,0.0068,TCP,1,1,1,0,0.0,6.0,0.59,night,14.68,0.0,0
1204952,1201,9.22,130663.0,130.2,1011.7,1044.5,1091046.1,0.0077,TCP,1,1,1,1,0.0,6.0,0.62,night,13.02,0.0,0
735694,718,0.54,1369415.8,1336.5,1025.5,1052.1,1106936.8,0.0007,TCP,1,1,1,1,0.0,6.0,0.57,night,133.65,0.0,0
328263,343,1.68,195559.6,204.3,959.2,955.5,912953.2,0.0049,TCP,1,1,1,1,0.0,6.0,0.59,night,20.43,0.0,0
1620106,1560,3.91,414567.5,399.2,1040.9,976.3,953191.8,0.0025,TCP,1,1,1,1,0.0,6.0,0.61,night,39.92,0.0,0
702980,641,3.39,207558.0,189.3,1097.8,1274.0,1623017.5,0.0053,TCP,1,1,1,0,0.0,6.0,0.5,morning,18.93,0.0,0
27300000,22146,11.04,2473147.8,2006.2,1236.0,1186.2,1406977.0,0.0005,TCP,1,1,1,1,0.0,6.0,0.6,morning,200.62,0.0,0
2179546,1761,2.83,769286.4,621.6,1240.6,1172.8,1375499.9,0.0016,TCP,1,1,1,1,0.0,6.0,0.61,morning,62.16,0.0,0
153199,178,0.8,191767.2,222.8,867.0,737.5,543835.4,0.0045,TCP,1,1,1,1,0.0,6.0,0.62,morning,22.28,0.0,0
284684,298,1.43,199402.1,208.7,959.7,940.6,884670.7,0.0048,TCP,1,1,1,1,0.0,6.0,0.62,evening,20.87,0.0,0
7526734,7172,32.59,230955.5,220.1,1051.9,1043.0,1087843.7,0.0045,TCP,1,1,1,0,0.0,6.0,0.57,afternoon,22.01,0.0,0
491039,428,0.35,1389026.7,1210.7,1150.3,1016.4,1033121.6,0.0008,TCP,1,1,1,1,0.0,6.0,0.65,night,121.07,0.0,0
10500000,10209,12.22,859165.7,835.4,1029.3,1312.1,1721532.4,0.0012,TCP,1,1,1,0,0.0,6.0,0.44,morning,83.54,0.0,0
149888,149,0.16,929157.7,923.7,1011.5,928.4,862012.3,0.0011,TCP,1,1,1,1,0.0,6.0,0.63,afternoon,92.37,0.0,0
140964,130,0.59,238287.5,219.8,1091.1,1114.6,1242317.1,0.0046,TCP,1,1,1,1,0.0,6.0,0.6,afternoon,21.98,0.0,0
185396,179,0.2,906617.4,875.3,1040.4,911.6,831018.4,0.0011,TCP,1,1,1,1,0.0,6.0,0.65,night,87.53,0.0,0
130672,138,0.26,493418.4,521.1,951.8,905.9,820607.5,0.0019,TCP,1,1,1,1,0.0,6.0,0.61,night,52.11,0.0,0
165459,170,0.19,859491.6,883.1,978.4,834.3,696083.3,0.0011,TCP,1,1,1,1,0.0,6.0,0.64,morning,88.31,0.0,0
284817,242,1.98,143832.1,122.2,1181.3,1154.0,1331739.3,0.0082,TCP,1,1,1,0,0.0,6.0,0.6,morning,12.22,0.0,0
127080,118,0.68,188043.2,174.6,1086.1,1217.9,1483271.7,0.0058,TCP,1,1,1,1,0.0,6.0,0.55,night,17.46,0.0,0
165443,163,0.17,951013.1,937.0,1020.3,799.5,639277.8,0.0011,TCP,1,1,1,1,0.0,6.0,0.68,morning,93.7,0.0,0
165422,176,0.24,676520.0,719.8,944.8,764.0,583737.0,0.0014,TCP,1,1,1,1,0.0,6.0,0.65,night,71.98,0.0,0
147304,136,1.31,112790.3,104.1,1103.2,1147.8,1317347.1,0.0097,TCP,1,1,1,1,0.0,6.0,0.56,evening,10.41,0.0,0
143539,174,0.57,251399.8,304.8,831.3,714.2,510122.3,0.0033,TCP,1,1,1,1,0.0,6.0,0.63,morning,30.48,0.0,0
238475,212,1.87,127258.9,113.1,1128.6,1031.2,1063300.5,0.0089,TCP,1,1,1,0,0.0,6.0,0.63,morning,11.31,0.0,0
165459,184,0.23,719847.0,800.5,904.0,730.5,533649.8,0.0013,TCP,1,1,1,1,0.0,6.0,0.64,morning,80.05,0.0,0
896797,1431,5.79,155015.8,247.4,630.1,766.2,587118.2,0.004,TCP,1,1,1,1,0.0,6.0,0.53,afternoon,24.74,0.0,0
192869,161,0.17,1112707.9,928.8,1207.5,1243.7,1546848.3,0.0011,TCP,1,1,1,1,0.0,6.0,0.58,afternoon,92.88,0.0,0
427220,363,4.17,102416.0,87.0,1194.6,1168.0,1364235.5,0.0115,TCP,1,1,1,1,0.0,6.0,0.59,evening,8.7,0.0,0
146707,140,0.49,299478.4,285.8,1053.7,1112.0,1236534.0,0.0035,TCP,1,1,1,1,0.0,6.0,0.58,evening,28.58,0.0,0
214934,189,1.61,133117.4,117.1,1142.2,1222.4,1494298.6,0.0086,TCP,1,1,1,1,0.0,6.0,0.55,morning,11.71,0.0,0
178671,199,1.52,117490.0,130.9,901.5,908.7,825807.2,0.0077,TCP,1,1,1,1,0.0,6.0,0.58,afternoon,13.09,0.0,0
153206,179,0.96,159178.2,186.0,862.3,753.4,567625.0,0.0054,TCP,1,1,1,1,0.0,6.0,0.62,night,18.6,0.0,0
2755857,2574,7.04,391686.2,365.8,1072.5,1297.3,1682904.6,0.0027,TCP,1,1,1,0,0.0,6.0,0.46,afternoon,36.58,0.0,0
539007,390,0.27,1997002.7,1444.9,1386.5,1053.4,1109696.8,0.0007,TCP,1,1,1,1,0.0,6.0,0.74,night,144.49,0.0,0
100477,128,0.31,320473.2,408.3,791.1,713.6,509179.0,0.0025,TCP,1,1,1,1,0.0,6.0,0.59,morning,40.83,0.0,0
7966874,4963,2.96,2691460.6,1676.7,1605.5,1269.9,1612670.2,0.0006,TCP,1,1,1,1,0.0,6.0,0.75,evening,167.67,0.0,0
1533844,1392,11.02,139133.2,126.3,1104.3,1045.8,1093716.3,0.0079,TCP,1,1,1,1,0.0,6.0,0.62,afternoon,12.63,0.0,0
165422,146,0.3,557667.4,492.2,1139.0,1308.2,1711256.6,0.002,TCP,1,1,1,1,0.0,6.0,0.53,night,49.22,0.0,0
132867,128,0.27,498838.0,480.6,1048.6,1098.1,1205856.8,0.0021,TCP,1,1,1,1,0.0,6.0,0.58,morning,48.06,0.0,0
165459,185,0.25,673331.1,752.9,899.1,757.5,573764.0,0.0013,TCP,1,1,1,1,0.0,6.0,0.62,morning,75.29,0.0,0
213438,189,2.08,102649.9,90.9,1143.0,1094.6,1198096.2,0.0111,TCP,1,1,1,1,0.0,6.0,0.61,evening,9.09,0.0,0
555483,569,0.51,1096546.4,1123.2,977.4,709.4,503190.9,0.0009,TCP,1,1,1,1,0.0,6.0,0.69,night,112.32,0.0,0
147680,141,0.36,414218.3,395.5,1055.6,1145.1,1311246.1,0.0025,TCP,1,1,1,1,0.0,6.0,0.55,afternoon,39.55,0.0,0
83010,100,0.23,365314.3,440.1,838.6,1124.3,1263957.5,0.0023,TCP,1,1,1,1,0.0,6.0,0.47,morning,44.01,0.0,0
158407,214,1.53,103771.8,140.2,757.8,663.5,440278.1,0.0072,TCP,1,1,1,1,0.0,6.0,0.58,morning,14.02,0.0,0
125617,122,0.61,206697.3,200.7,1038.5,1123.8,1262831.6,0.005,TCP,1,1,1,1,0.0,6.0,0.57,morning,20.07,0.0,0
272542,219,2.43,111932.2,89.9,1274.3,1157.6,1340134.2,0.0112,TCP,1,1,1,1,0.0,6.0,0.64,morning,8.99,0.0,0
183353,161,0.3,618871.3,543.4,1148.2,1142.1,1304357.1,0.0019,TCP,1,1,1,1,0.0,6.0,0.6,evening,54.34,0.0,0
139379,162,0.41,342696.2,398.3,867.2,723.5,523460.0,0.0025,TCP,1,1,1,1,0.0,6.0,0.63,afternoon,39.83,0.0,0
274474,287,1.57,175358.2,183.4,960.9,898.0,806376.6,0.0055,TCP,1,1,1,1,0.0,6.0,0.62,morning,18.34,0.0,0
261338,267,0.8,327560.6,334.7,981.9,860.0,739663.0,0.003,TCP,1,1,1,0,0.0,6.0,0.64,night,33.47,0.0,0
1887371,1789,0.5,3739389.8,3544.5,1057.5,1109.7,1231415.0,0.0003,TCP,1,1,1,1,0.0,6.0,0.55,morning,354.45,0.0,0
165422,176,0.27,603937.1,642.6,944.8,779.5,607563.2,0.0016,TCP,1,1,1,1,0.0,6.0,0.64,afternoon,64.26,0.0,0
81646,124,0.35,234251.4,355.8,665.6,763.2,582485.6,0.0028,TCP,1,1,1,1,0.0,6.0,0.51,evening,35.58,0.0,0
421037,414,0.62,681093.5,669.7,1019.0,1085.5,1178308.3,0.0015,TCP,1,1,1,1,0.0,6.0,0.55,afternoon,66.97,0.0,0
154094,151,0.33,460390.3,451.1,1031.0,1117.4,1248661.6,0.0022,TCP,1,1,1,1,0.0,6.0,0.57,morning,45.11,0.0,0
1046420,730,0.38,2740546.2,1911.9,1437.8,1218.1,1483695.6,0.0005,TCP,1,1,1,1,0.0,6.0,0.68,night,191.19,0.0,0
167443,185,1.58,105805.0,116.9,909.0,920.8,847843.9,0.0086,TCP,1,1,1,1,0.0,6.0,0.6,evening,11.69,0.0,0
7645417,6483,26.11,292853.9,248.3,1180.9,1522.8,2319056.9,0.004,TCP,1,1,1,0,0.0,6.0,0.47,night,24.83,0.0,0
255000000,202494,60.43,4219678.2,3350.8,1261.4,1262.2,1593098.5,0.0003,TCP,1,1,1,0,1.0,6.0,0.57,afternoon,335.08,0.0,0
300021,269,2.64,113617.7,101.9,1143.0,951.7,905639.8,0.0099,TCP,1,1,1,0,0.0,6.0,0.65,evening,10.19,0.0,0
65737,107,0.52,125799.9,204.8,621.7,769.4,591930.8,0.0049,TCP,1,1,1,1,0.0,6.0,0.49,night,20.48,0.0,0
200640,221,0.32,617369.0,680.0,912.4,784.5,615375.7,0.0015,TCP,1,1,1,1,0.0,6.0,0.63,evening,68.0,0.0,0
172893,158,0.15,1153373.5,1054.0,1112.8,1143.4,1307330.3,0.001,TCP,1,1,1,1,0.0,6.0,0.58,evening,105.4,0.0,0
347000000,280069,95.13,3647595.9,2944.0,1240.1,1252.0,1567535.7,0.0003,TCP,1,1,1,0,1.0,6.0,0.56,morning,294.4,0.0,0
887014,643,7.09,125158.1,90.7,1382.9,1031.8,1064655.2,0.011,TCP,1,1,1,1,0.0,6.0,0.74,evening,9.07,0.0,0
346160,361,1.64,210816.8,219.9,962.9,906.6,821920.3,0.0046,TCP,1,1,1,1,0.0,6.0,0.62,morning,21.99,0.0,0
1222578,1148,2.38,513446.0,482.1,1073.5,1377.0,1896047.3,0.0021,TCP,1,1,1,0,0.0,6.0,0.47,afternoon,48.21,0.0,0
6501831,5704,51.89,125306.5,109.9,1141.3,1588.2,2522251.3,0.0091,TCP,1,1,1,0,0.0,6.0,0.43,evening,10.99,0.0,0
2012792,1753,10.81,186234.0,162.2,1149.3,1283.3,1646775.1,0.0062,TCP,1,1,1,1,0.0,6.0,0.51,night,16.22,0.0,0
3426830,2532,2.0,1714613.5,1266.9,1354.1,1226.5,1504232.5,0.0008,TCP,1,1,1,1,0.0,6.0,0.66,evening,126.69,0.0,0
828204,612,0.42,1981046.0,1463.9,1354.7,1153.3,1330188.2,0.0007,TCP,1,1,1,1,0.0,6.0,0.68,evening,146.39,0.0,0
483409,535,0.36,1345576.2,1489.2,906.4,1032.3,1065576.7,0.0007,TCP,1,1,1,1,0.0,6.0,0.5,evening,148.92,0.0,0
762616,754,0.61,1242088.1,1228.1,1012.2,1210.5,1465344.1,0.0008,TCP,1,1,1,1,0.0,6.0,0.49,morning,122.81,0.0,0
181644,150,0.29,616873.7,509.4,1218.8,1091.0,1190252.9,0.002,TCP,1,1,1,1,0.0,6.0,0.66,night,50.94,0.0,0
336864,314,2.01,167361.2,156.0,1092.0,1138.6,1296462.4,0.0064,TCP,1,1,1,1,0.0,6.0,0.61,morning,15.6,0.0,0
770600,647,0.51,1510953.7,1268.6,1192.0,1086.8,1181212.7,0.0008,TCP,1,1,1,1,0.0,6.0,0.63,afternoon,126.86,0.0,0
539013,381,0.33,1645861.3,1163.4,1419.0,1014.2,1028626.8,0.0009,TCP,1,1,1,1,0.0,6.0,0.77,night,116.34,0.0,0
165422,177,0.22,757097.4,810.1,939.5,725.7,526659.4,0.0012,TCP,1,1,1,1,0.0,6.0,0.66,night,81.01,0.0,0
3852431,3069,36.12,106662.3,85.0,1258.4,1295.2,1677598.5,0.0118,TCP,1,1,1,1,0.0,6.0,0.55,afternoon,8.5,0.0,0
165422,169,0.52,317592.1,324.5,984.0,1216.6,1480084.5,0.0031,TCP,1,1,1,1,0.0,6.0,0.47,morning,32.45,0.0,0
165459,176,0.39,426142.0,453.3,945.1,1227.0,1505459.3,0.0022,TCP,1,1,1,1,0.0,6.0,0.45,afternoon,45.33,0.0,0
165406,163,0.24,681847.6,671.9,1020.1,794.5,631212.3,0.0015,TCP,1,1,1,1,0.0,6.0,0.68,afternoon,67.19,0.0,0
224027,267,0.42,537467.0,640.6,843.7,1134.6,1287346.4,0.0016,TCP,1,1,1,1,0.0,6.0,0.41,night,64.06,0.0,0
206793,186,1.45,142552.9,128.2,1160.9,1191.6,1419977.0,0.0078,TCP,1,1,1,1,0.0,6.0,0.61,night,12.82,0.0,0
460928,385,0.3,1556468.8,1300.1,1201.8,1237.7,1531850.0,0.0008,TCP,1,1,1,1,0.0,6.0,0.57,evening,130.01,0.0,0
812156,622,0.67,1214188.3,929.9,1310.1,1124.2,1263865.2,0.0011,TCP,1,1,1,1,0.0,6.0,0.67,night,92.99,0.0,0
501000000,403093,119.98,4175649.2,3359.6,1244.9,1229.8,1512382.2,0.0003,TCP,1,1,1,0,1.0,6.0,0.58,evening,335.96,0.0,0
3356813,2752,2.35,1429565.0,1172.0,1221.1,1176.7,1384659.5,0.0009,TCP,1,1,1,0,0.0,6.0,0.6,evening,117.2,0.0,0
213554,186,0.78,272839.6,237.6,1153.0,1048.5,1099325.7,0.0042,TCP,1,1,1,1,0.0,6.0,0.65,afternoon,23.76,0.0,0
1047353,970,0.64,1645637.8,1524.1,1080.4,944.9,892897.2,0.0007,TCP,1,1,1,1,0.0,6.0,0.64,night,152.41,0.0,0
1047063,761,0.56,1866222.9,1356.4,1376.8,1057.4,1118083.5,0.0007,TCP,1,1,1,1,0.0,6.0,0.72,evening,135.64,0.0,0
301013,153,2.33,129131.0,65.6,1975.1,2241.6,5024825.2,0.0153,TCP,1,1,1,1,0.0,6.0,0.56,morning,6.56,0.0,0
126465,145,0.3,426757.9,489.3,882.3,708.5,502026.8,0.0021,TCP,1,1,1,1,0.0,6.0,0.63,evening,48.93,0.0,0
2530388,1853,3.07,823548.7,603.1,1367.4,1200.2,1440456.0,0.0017,TCP,1,1,1,0,0.0,6.0,0.65,night,60.31,0.0,0
1359797,1324,3.33,408244.6,397.5,1029.5,1155.2,1334559.8,0.0025,TCP,1,1,1,0,0.0,6.0,0.51,morning,39.75,0.0,0
528143,378,1.56,339426.1,242.9,1400.2,2004.0,4015992.9,0.0041,TCP,1,1,1,1,0.0,6.0,0.42,evening,24.29,0.0,0
19100000,14889,25.52,748424.7,583.4,1286.4,1524.0,2322492.9,0.0017,TCP,1,1,1,0,0.0,6.0,0.52,evening,58.34,0.0,0
165422,161,0.2,831517.0,809.3,1032.9,812.6,660333.6,0.0012,TCP,1,1,1,1,0.0,6.0,0.68,night,80.93,0.0,0
112428,122,0.82,137152.8,148.8,927.8,902.6,814657.4,0.0068,TCP,1,1,1,1,0.0,6.0,0.58,morning,14.88,0.0,0
130367,163,0.32,405211.3,506.6,805.0,820.1,672619.0,0.002,TCP,1,1,1,1,0.0,6.0,0.55,evening,50.66,0.0,0
15500000,13672,119.33,129893.4,114.6,1140.4,1087.5,1182673.4,0.0087,TCP,1,1,1,1,0.5,6.0,0.6,night,11.46,0.0,0
161566,178,0.28,577733.3,636.5,911.4,710.5,504749.6,0.0016,TCP,1,1,1,1,0.0,6.0,0.65,afternoon,63.65,0.0,0
165422,182,0.26,641068.7,705.3,913.7,789.1,622648.2,0.0014,TCP,1,1,1,1,0.0,6.0,0.63,afternoon,70.53,0.0,0
693115,568,0.26,2687273.4,2202.2,1224.3,1266.6,1604297.6,0.0005,TCP,1,1,1,1,0.0,6.0,0.56,evening,220.22,0.0,0
3516662,2875,34.65,101487.5,83.0,1225.7,1208.5,1460521.3,0.0121,TCP,1,1,1,1,0.0,6.0,0.59,morning,8.3,0.0,0
908761,803,7.96,114107.4,100.8,1137.3,1187.5,1410129.2,0.0099,TCP,1,1,1,1,0.0,6.0,0.55,night,10.08,0.0,0
215612,209,0.22,986760.0,956.5,1036.0,1038.9,1079297.8,0.0011,TCP,1,1,1,1,0.0,6.0,0.6,afternoon,95.65,0.0,0
1886841,1694,10.0,188719.1,169.4,1119.0,1242.1,1542831.6,0.0059,TCP,1,1,1,1,0.0,6.0,0.54,evening,16.94,0.0,0
165385,166,0.26,624556.3,626.9,1001.5,774.8,600375.8,0.0016,TCP,1,1,1,1,0.0,6.0,0.67,evening,62.69,0.0,0
257109,194,0.25,1008456.5,760.9,1333.1,1135.7,1289705.3,0.0013,TCP,1,1,1,1,0.0,6.0,0.68,night,76.09,0.0,0
165427,186,0.39,428059.5,481.3,894.1,884.1,781692.0,0.0021,TCP,1,1,1,1,0.0,6.0,0.58,night,48.13,0.0,0
137031,147,0.34,407853.4,437.5,940.1,920.0,846467.4,0.0023,TCP,1,1,1,1,0.0,6.0,0.61,evening,43.75,0.0,0
259541,188,0.92,282813.1,204.9,1382.7,1155.6,1335471.2,0.0049,TCP,1,1,1,0,0.0,6.0,0.7,night,20.49,0.0,0
1113564,913,2.6,427504.3,350.5,1232.4,1170.9,1371012.8,0.0029,TCP,1,1,1,1,0.0,6.0,0.61,morning,35.05,0.0,0
2204591,1851,1.86,1185855.0,995.7,1192.6,1155.1,1334188.4,0.001,TCP,1,1,1,0,0.0,6.0,0.59,morning,99.57,0.0,0
462007,511,0.27,1709250.5,1890.5,915.3,1033.8,1068686.8,0.0005,TCP,1,1,1,1,0.0,6.0,0.54,morning,189.05,0.0,0
474000000,391508,120.0,3950089.6,3262.6,1209.7,1192.4,1421786.4,0.0003,TCP,1,1,1,0,1.0,6.0,0.58,evening,326.26,0.0,0
136536,159,0.37,368037.4,428.6,866.2,761.9,580435.7,0.0023,TCP,1,1,1,1,0.0,6.0,0.62,evening,42.86,0.0,0
193025,165,1.03,188014.6,160.7,1173.7,1260.8,1589626.0,0.0063,TCP,1,1,1,1,0.0,6.0,0.56,morning,16.07,0.0,0
165422,195,0.73,225354.0,265.6,852.8,809.6,655526.2,0.0038,TCP,1,1,1,1,0.0,6.0,0.59,afternoon,26.56,0.0,0
277604,221,1.01,273843.0,218.0,1258.6,1162.7,1351761.7,0.0046,TCP,1,1,1,1,0.0,6.0,0.64,night,21.8,0.0,0
152045,134,0.75,202406.1,178.4,1142.4,1187.9,1411038.3,0.0056,TCP,1,1,1,1,0.0,6.0,0.57,night,17.84,0.0,0
3459710,2915,10.42,331961.0,279.7,1189.4,1114.2,1241456.5,0.0036,TCP,1,1,1,1,0.0,6.0,0.61,night,27.97,0.0,0
99282,128,0.23,431308.3,556.1,787.6,703.4,494786.5,0.0018,TCP,1,1,1,1,0.0,6.0,0.58,evening,55.61,0.0,0
165422,136,0.83,199553.2,164.1,1222.7,1292.3,1669957.9,0.0061,TCP,1,1,1,1,0.0,6.0,0.57,morning,16.41,0.0,0
463706,458,0.24,1955905.2,1931.8,1016.5,930.9,866613.4,0.0005,TCP,1,1,1,1,0.0,6.0,0.62,afternoon,193.18,0.0,0
227151,217,0.49,461819.5,441.2,1053.6,1148.5,1318999.4,0.0023,TCP,1,1,1,1,0.0,6.0,0.56,evening,44.12,0.0,0
18000000,16605,12.77,1409177.8,1300.0,1086.6,1282.2,1644144.5,0.0008,TCP,1,1,1,0,0.0,6.0,0.47,afternoon,130.0,0.0,0
27400000,22084,14.49,1890986.9,1524.1,1241.5,1255.8,1577129.0,0.0007,TCP,1,1,1,1,0.0,6.0,0.56,morning,152.41,0.0,0
499551,523,2.78,179408.4,187.8,984.7,901.8,813260.0,0.0053,TCP,1,1,1,1,0.0,6.0,0.6,night,18.78,0.0,0
165422,179,0.2,827983.5,895.9,929.0,785.0,616165.9,0.0011,TCP,1,1,1,1,0.0,6.0,0.64,afternoon,89.59,0.0,0
1063923,858,4.51,235751.1,190.1,1244.5,1257.5,1581352.1,0.0053,TCP,1,1,1,1,0.0,6.0,0.57,evening,19.01,0.0,0
162176,160,0.63,258669.6,255.2,1015.5,1188.8,1413205.2,0.0039,TCP,1,1,1,0,0.0,6.0,0.51,morning,25.52,0.0,0
673957,485,2.06,327624.3,235.8,1391.5,1223.9,1498050.5,0.0043,TCP,1,1,1,1,0.0,6.0,0.65,evening,23.58,0.0,0
165422,149,0.58,284981.4,256.7,1116.1,1222.4,1494317.9,0.0039,TCP,1,1,1,1,0.0,6.0,0.6,night,25.67,0.0,0
872173,833,7.14,122195.0,116.7,1054.7,939.1,881945.5,0.0086,TCP,1,1,1,1,0.0,6.0,0.63,night,11.67,0.0,0
450244,432,0.5,904378.6,867.7,1043.8,709.7,503667.8,0.0012,TCP,1,1,1,1,0.0,6.0,0.72,afternoon,86.77,0.0,0
205141,175,0.85,241029.9,205.6,1175.9,1286.1,1654019.3,0.0049,TCP,1,1,1,0,0.0,6.0,0.54,morning,20.56,0.0,0
170426,153,1.48,115040.9,103.3,1120.3,1138.7,1296647.6,0.0097,TCP,1,1,1,1,0.0,6.0,0.58,morning,10.33,0.0,0
227915,173,0.4,567458.1,430.7,1326.0,1238.0,1532640.2,0.0023,TCP,1,1,1,1,0.0,6.0,0.64,night,43.07,0.0,0
233299,222,0.33,710848.3,676.4,1054.6,699.6,489482.1,0.0015,TCP,1,1,1,1,0.0,6.0,0.73,night,67.64,0.0,0
164512,165,0.31,526394.6,528.0,1004.7,999.4,998847.8,0.0019,TCP,1,1,1,1,0.0,6.0,0.59,evening,52.8,0.0,0
111521,114,1.06,104939.1,107.3,987.2,1089.0,1185865.8,0.0094,TCP,1,1,1,1,0.0,6.0,0.54,evening,10.73,0.0,0
838833,739,0.58,1458152.8,1284.6,1135.9,1156.4,1337188.1,0.0008,TCP,1,1,1,1,0.0,6.0,0.58,night,128.46,0.0,0
785790,615,3.36,233520.5,182.8,1288.2,1184.8,1403772.7,0.0055,TCP,1,1,1,1,0.0,6.0,0.65,evening,18.28,0.0,0
86533,99,0.3,290780.2,332.7,882.9,1224.0,1498169.8,0.003,TCP,1,1,1,1,0.0,6.0,0.44,morning,33.27,0.0,0
172435,152,0.48,362537.9,319.6,1144.5,1193.0,1423259.0,0.0031,TCP,1,1,1,1,0.0,6.0,0.57,afternoon,31.96,0.0,0
1127129,1045,1.04,1079009.5,1000.4,1080.0,908.9,826027.0,0.001,TCP,1,1,1,1,0.0,6.0,0.66,morning,100.04,0.0,0
724505,675,0.5,1439091.8,1340.8,1074.3,1176.4,1383826.3,0.0007,TCP,1,1,1,1,0.0,6.0,0.53,evening,134.08,0.0,0
66179,109,0.37,177001.3,291.5,615.3,711.7,506475.3,0.0035,TCP,1,1,1,1,0.0,6.0,0.49,afternoon,29.15,0.0,0
10300000,8248,93.54,110113.2,88.2,1254.0,1254.3,1573251.5,0.0113,TCP,1,1,1,0,0.0,6.0,0.57,afternoon,8.82,0.0,0
111407,149,0.55,201167.9,269.0,764.9,825.1,680796.4,0.0037,TCP,1,1,1,1,0.0,6.0,0.52,night,26.9,0.0,0
102386,128,0.28,366335.5,458.0,806.4,740.1,547809.6,0.0022,TCP,1,1,1,1,0.0,6.0,0.59,morning,45.8,0.0,0
48600000,23272,14.42,3371182.8,1614.3,2090.3,2504.6,6273009.0,0.0006,TCP,1,1,1,0,0.0,6.0,0.55,evening,161.43,0.0,0
126065,121,0.34,368714.6,353.9,1050.8,1180.9,1394436.6,0.0028,TCP,1,1,1,1,0.0,6.0,0.56,evening,35.39,0.0,0
354565,278,0.97,365456.3,286.5,1283.1,1153.9,1331521.6,0.0035,TCP,1,1,1,1,0.0,6.0,0.65,night,28.65,0.0,0
157729,133,1.35,116875.0,98.6,1191.0,1187.2,1409410.5,0.0102,TCP,1,1,1,0,0.0,6.0,0.58,morning,9.86,0.0,0
167011,151,0.38,435932.6,394.1,1110.8,1221.8,1492792.4,0.0026,TCP,1,1,1,1,0.0,6.0,0.63,morning,39.41,0.0,0
215903,174,0.17,1282541.3,1033.6,1249.1,1273.5,1621849.1,0.001,TCP,1,1,1,1,0.0,6.0,0.58,night,103.36,0.0,0
445312,361,0.22,1996485.1,1618.5,1238.4,964.9,931106.4,0.0006,TCP,1,1,1,1,0.0,6.0,0.71,night,161.85,0.0,0
758851,622,0.52,1470849.6,1205.6,1221.0,1123.5,1262144.7,0.0008,TCP,1,1,1,1,0.0,6.0,0.63,morning,120.56,0.0,0
337337,337,0.82,412050.9,411.6,1005.7,939.7,883019.6,0.0024,TCP,1,1,1,1,0.0,6.0,0.61,night,41.16,0.0,0
1264632,1036,4.69,269683.5,220.9,1224.4,1251.3,1565858.5,0.0045,TCP,1,1,1,1,0.0,6.0,0.56,afternoon,22.09,0.0,0
880464,766,0.89,992985.1,863.9,1150.2,1216.5,1479922.9,0.0012,TCP,1,1,1,1,0.0,6.0,0.56,night,86.39,0.0,0
323442,339,0.38,843648.0,884.2,958.6,804.0,646408.4,0.0011,TCP,1,1,1,1,0.0,6.0,0.63,evening,88.42,0.0,0
146449,132,0.24,612239.9,551.8,1114.1,1111.9,1236311.9,0.0018,TCP,1,1,1,1,0.0,6.0,0.61,evening,55.18,0.0,0
170405,154,0.28,608207.0,549.7,1113.9,1165.2,1357614.7,0.0018,TCP,1,1,1,1,0.0,6.0,0.58,morning,54.97,0.0,0
97870,106,0.9,108601.6,117.6,932.5,1225.3,1501279.9,0.0086,TCP,1,1,1,1,0.0,6.0,0.46,morning,11.76,0.0,0
154572,149,0.48,320188.6,308.6,1045.2,1152.7,1328772.1,0.0033,TCP,1,1,1,1,0.0,6.0,0.56,afternoon,30.86,0.0,0
445201,406,0.27,1620073.3,1477.4,1100.7,633.5,401267.6,0.0007,TCP,1,1,1,1,0.0,6.0,0.76,night,147.74,0.0,0
337489,277,0.23,1495988.4,1227.9,1220.4,1076.8,1159492.2,0.0008,TCP,1,1,1,1,0.0,6.0,0.66,afternoon,122.79,0.0,0
400906,364,2.68,149806.2,136.0,1112.4,1120.4,1255394.7,0.0074,TCP,1,1,1,0,0.0,6.0,0.58,morning,13.6,0.0,0
133955,122,0.27,500826.3,456.1,1109.0,1149.5,1321269.1,0.0022,TCP,1,1,1,1,0.0,6.0,0.58,night,45.61,0.0,0
12300000,8355,119.32,103085.9,70.0,1475.1,1704.6,2905778.2,0.0143,TCP,1,1,1,1,0.0,6.0,0.55,morning,7.0,0.0,0
182655,155,1.5,121595.3,103.2,1188.1,1203.4,1448074.5,0.0098,TCP,1,1,1,1,0.0,6.0,0.6,night,10.32,0.0,0
165385,173,0.35,474807.6,496.7,961.0,1018.5,1037310.6,0.002,TCP,1,1,1,1,0.0,6.0,0.57,night,49.67,0.0,0
157825,143,0.72,217728.1,197.3,1111.0,1114.7,1242525.1,0.0051,TCP,1,1,1,1,0.0,6.0,0.59,evening,19.73,0.0,0
154578,147,0.48,324684.4,308.8,1058.9,1132.4,1282221.9,0.0033,TCP,1,1,1,1,0.0,6.0,0.61,night,30.88,0.0,0
1062285,945,0.53,1995418.5,1775.1,1127.2,1038.6,1078712.0,0.0006,TCP,1,1,1,1,0.0,6.0,0.62,evening,177.51,0.0,0
813291,634,3.23,251720.3,196.2,1285.1,1246.7,1554333.1,0.0051,TCP,1,1,1,1,0.0,6.0,0.6,night,19.62,0.0,0
632368,493,0.23,2785026.0,2171.2,1290.8,1271.3,1616280.2,0.0005,TCP,1,1,1,1,0.0,6.0,0.58,afternoon,217.12,0.0,0
735655,516,2.07,355881.6,249.6,1427.9,1109.6,1231148.0,0.004,TCP,1,1,1,1,0.0,6.0,0.72,morning,24.96,0.0,0
186300,143,1.25,149054.4,114.4,1305.8,1986.0,3944168.0,0.0088,TCP,1,1,1,0,0.0,6.0,0.41,evening,11.44,0.0,0
227855,260,1.65,137971.0,157.4,879.2,945.9,894691.9,0.0064,TCP,1,1,1,1,0.0,6.0,0.57,afternoon,15.74,0.0,0
81502,132,0.61,134309.8,217.5,626.1,702.1,492887.5,0.0046,TCP,1,1,1,1,0.0,6.0,0.48,morning,21.75,0.0,0
95473,132,0.15,620885.9,858.4,731.9,752.3,565950.0,0.0012,TCP,1,1,1,0,0.0,6.0,0.51,afternoon,85.84,0.0,0
246905,179,0.91,271189.5,196.6,1384.4,1192.9,1423064.9,0.0051,TCP,1,1,1,1,0.0,6.0,0.68,morning,19.66,0.0,0
488144,420,1.02,477431.4,410.8,1174.5,1180.1,1392579.3,0.0024,TCP,1,1,1,0,0.0,6.0,0.58,morning,41.08,0.0,0
165406,180,0.28,599562.1,652.5,923.8,785.8,617531.1,0.0015,TCP,1,1,1,1,0.0,6.0,0.64,afternoon,65.25,0.0,0
808495,660,4.17,193931.6,158.3,1231.7,1167.8,1363764.9,0.0063,TCP,1,1,1,0,0.5,6.0,0.61,night,15.83,0.0,0
395704,263,2.19,180480.7,120.0,1512.2,1072.5,1150197.5,0.0084,TCP,1,1,1,1,0.0,6.0,0.78,afternoon,12.0,0.0,0
810583,585,0.57,1424509.6,1028.1,1386.7,1157.1,1338897.9,0.001,TCP,1,1,1,1,0.0,6.0,0.69,afternoon,102.81,0.0,0
124757,124,0.33,372452.3,370.2,1015.5,1145.3,1311672.4,0.0027,TCP,1,1,1,1,0.0,6.0,0.56,morning,37.02,0.0,0
481997,441,1.81,266635.4,244.0,1095.8,976.8,954095.1,0.0041,TCP,1,1,1,1,0.0,6.0,0.64,afternoon,24.4,0.0,0
742350,781,0.58,1285374.4,1352.3,951.3,1049.9,1102250.1,0.0007,TCP,1,1,1,1,0.0,6.0,0.53,evening,135.23,0.0,0
133210,133,0.25,536006.7,535.2,1008.9,1142.2,1304709.3,0.0019,TCP,1,1,1,1,0.0,6.0,0.57,morning,53.52,0.0,0
376415,333,1.11,338500.3,299.5,1133.0,1346.8,1813947.1,0.0033,TCP,1,1,1,1,0.0,6.0,0.48,evening,29.95,0.0,0
141029,131,0.26,546821.1,507.9,1083.0,1161.2,1348498.8,0.002,TCP,1,1,1,1,0.0,6.0,0.59,night,50.79,0.0,0
230947,201,1.39,165912.5,144.4,1151.9,1146.4,1314337.0,0.007,TCP,1,1,1,1,0.0,6.0,0.58,night,14.44,0.0,0
271709,191,0.36,753637.7,529.8,1430.5,1267.2,1605788.7,0.0019,TCP,1,1,1,1,0.0,6.0,0.66,night,52.98,0.0,0
356919,309,1.78,200557.3,173.6,1156.4,1175.9,1382682.2,0.0058,TCP,1,1,1,0,0.0,6.0,0.57,afternoon,17.36,0.0,0
251479,288,1.86,135365.8,155.0,875.5,894.9,800826.0,0.0065,TCP,1,1,1,1,0.0,6.0,0.6,afternoon,15.5,0.0,0
2245480,1553,1.34,1672685.6,1156.8,1446.3,1269.0,1610334.4,0.0009,TCP,1,1,1,0,0.0,6.0,0.64,evening,115.68,0.0,0
889032,605,0.74,1195096.1,813.3,1470.1,1100.8,1211656.1,0.0012,TCP,1,1,1,0,0.0,6.0,0.75,night,81.33,0.0,0
1297839,1137,0.97,1338327.4,1172.5,1142.4,669.2,447800.5,0.0009,TCP,1,1,1,1,0.0,6.0,0.77,morning,117.25,0.0,0
230796,262,1.8,128144.9,145.5,885.8,837.9,702044.4,0.0069,TCP,1,1,1,1,0.0,6.0,0.61,morning,14.55,0.0,0
198920,187,0.24,837184.2,787.0,1070.2,1130.1,1277027.4,0.0013,TCP,1,1,1,1,0.0,6.0,0.58,night,78.7,0.0,0
165385,178,0.23,706332.8,760.2,934.0,742.9,551920.6,0.0013,TCP,1,1,1,1,0.0,6.0,0.65,morning,76.02,0.0,0
538991,496,0.24,2272172.0,2090.9,1090.6,752.0,565530.5,0.0005,TCP,1,1,1,1,0.0,6.0,0.71,afternoon,209.09,0.0,0
321981,223,0.31,1022249.5,708.0,1452.6,1075.6,1156981.0,0.0014,TCP,1,1,1,1,0.0,6.0,0.75,night,70.8,0.0,0
176805,180,0.32,549855.7,559.8,986.0,746.5,557213.7,0.0018,TCP,1,1,1,1,0.0,6.0,0.68,evening,55.98,0.0,0
171449,168,1.09,157841.8,154.7,1035.9,1108.8,1229388.8,0.0065,TCP,1,1,1,1,0.0,6.0,0.63,night,15.47,0.0,0
827988,607,0.57,1452337.9,1064.7,1365.1,1140.5,1300720.7,0.0009,TCP,1,1,1,1,0.0,6.0,0.68,afternoon,106.47,0.0,0
260657,291,0.96,272780.7,304.5,898.0,711.3,505969.8,0.0033,TCP,1,1,1,1,0.0,6.0,0.65,morning,30.45,0.0,0
453668,399,0.47,959709.3,844.1,1138.6,1089.6,1187318.7,0.0012,TCP,1,1,1,1,0.0,6.0,0.6,evening,84.41,0.0,0
227876,255,1.71,133270.2,149.1,896.5,910.9,829698.9,0.0067,TCP,1,1,1,1,0.0,6.0,0.58,morning,14.91,0.0,0
165406,158,0.2,827075.5,790.0,1052.4,859.1,738027.4,0.0013,TCP,1,1,1,1,0.0,6.0,0.68,evening,79.0,0.0,0
282238,232,0.27,1054795.6,867.0,1220.8,1124.8,1265116.2,0.0012,TCP,1,1,1,1,0.0,6.0,0.66,night,86.7,0.0,0
15000000,14417,119.68,125329.4,120.5,1043.5,922.7,851403.6,0.0083,TCP,1,1,1,1,0.5,6.0,0.64,night,12.05,0.0,0
1925834,1779,0.41,4747374.1,4385.4,1084.6,1194.4,1426683.1,0.0002,TCP,1,1,1,0,0.0,6.0,0.52,afternoon,438.54,0.0,0
117616,126,0.85,138443.3,148.3,939.9,1059.2,1121808.7,0.0068,TCP,1,1,1,1,0.0,6.0,0.51,afternoon,14.83,0.0,0
437965,298,0.52,843577.1,574.0,1476.3,1069.6,1144141.9,0.0017,TCP,1,1,1,1,0.0,6.0,0.78,night,57.4,0.0,0
206905,180,1.28,161202.2,140.2,1165.2,1111.3,1234998.7,0.0072,TCP,1,1,1,1,0.0,6.0,0.62,morning,14.02,0.0,0
345443,335,1.63,211732.5,205.3,1033.1,960.1,921712.4,0.0049,TCP,1,1,1,1,0.0,6.0,0.65,afternoon,20.53,0.0,0
552796,602,0.73,759579.3,827.2,919.7,724.6,525009.4,0.0012,TCP,1,1,1,1,0.0,6.0,0.63,afternoon,82.72,0.0,0
157215,189,0.26,607347.7,730.1,839.4,707.1,499927.9,0.0014,TCP,1,1,1,1,0.0,6.0,0.61,morning,73.01,0.0,0
558640,524,0.61,909184.1,852.8,1067.8,685.7,470159.8,0.0012,TCP,1,1,1,1,0.0,6.0,0.74,afternoon,85.28,0.0,0
3798082,2884,26.35,144142.6,109.5,1319.9,1306.8,1707625.1,0.0091,TCP,1,1,1,1,0.0,6.0,0.57,evening,10.95,0.0,0
189718,160,1.38,137582.4,116.0,1188.1,1199.4,1438562.5,0.0087,TCP,1,1,1,0,0.0,6.0,0.58,afternoon,11.6,0.0,0
1010943,644,0.85,1185695.6,755.3,1570.5,1226.5,1504284.8,0.0013,TCP,1,1,1,0,0.0,6.0,0.71,evening,75.53,0.0,0
1956312,2021,7.28,268574.0,277.5,979.6,1232.4,1518925.4,0.0036,TCP,1,1,1,1,0.0,6.0,0.51,morning,27.75,0.0,0
228720,193,0.84,273264.9,230.6,1191.0,933.9,872200.4,0.0044,TCP,1,1,1,1,0.0,6.0,0.71,morning,23.06,0.0,0
107631,131,0.24,443762.3,540.1,827.9,736.9,543086.4,0.0019,TCP,1,1,1,1,0.0,6.0,0.6,afternoon,54.01,0.0,0
338412,378,1.48,229205.5,256.0,897.0,876.3,767839.1,0.0039,TCP,1,1,1,1,0.0,6.0,0.62,afternoon,25.6,0.0,0
508248,417,0.28,1817163.8,1490.9,1221.6,1273.4,1621496.4,0.0007,TCP,1,1,1,1,0.0,6.0,0.54,evening,149.09,0.0,0
1213579,949,0.6,2025213.8,1583.7,1281.7,1152.6,1328538.5,0.0006,TCP,1,1,1,1,0.0,6.0,0.64,afternoon,158.37,0.0,0
305230,253,0.75,409428.8,339.4,1209.7,1251.3,1565738.1,0.003,TCP,1,1,1,1,0.0,6.0,0.57,morning,33.94,0.0,0
1074906,1011,10.34,103936.2,97.8,1075.7,1110.3,1232684.0,0.0102,TCP,1,1,1,1,0.0,6.0,0.62,morning,9.78,0.0,0
160535,141,0.88,182887.1,160.6,1145.1,1236.0,1527655.8,0.0063,TCP,1,1,1,1,0.0,6.0,0.56,morning,16.06,0.0,0
2156418,2064,0.75,2871070.5,2748.0,1047.0,683.1,466584.9,0.0004,TCP,1,1,1,1,0.0,6.0,0.71,night,274.8,0.0,0
228805,195,1.55,147551.1,125.8,1177.5,1175.1,1380950.5,0.008,TCP,1,1,1,0,0.0,6.0,0.58,afternoon,12.58,0.0,0
223589,181,0.12,1906958.7,1543.7,1240.3,1267.5,1606672.9,0.0007,TCP,1,1,1,0,0.0,6.0,0.57,evening,154.37,0.0,0
307332,271,0.91,339560.7,299.4,1147.0,1191.3,1419145.3,0.0034,TCP,1,1,1,0,0.0,6.0,0.58,night,29.94,0.0,0
275085,227,1.15,239222.2,197.4,1215.5,1214.2,1474352.5,0.0051,TCP,1,1,1,0,0.0,6.0,0.59,evening,19.74,0.0,0
49800000,43811,119.99,415023.6,365.1,1141.0,1164.3,1355540.1,0.0027,TCP,1,1,1,1,0.5,6.0,0.59,morning,36.51,0.0,0
1074822,886,1.48,726777.1,599.1,1215.8,1225.6,1502105.9,0.0017,TCP,1,1,1,0,0.0,6.0,0.57,evening,59.91,0.0,0
31100000,24750,116.15,267758.0,213.1,1260.1,1261.9,1592267.2,0.0047,TCP,1,1,1,1,0.5,6.0,0.57,afternoon,21.31,0.0,0
291429,173,2.05,142440.4,84.6,1693.7,1550.2,2403116.8,0.0119,TCP,1,1,1,1,0.0,6.0,0.67,afternoon,8.46,0.0,0
970483,858,3.77,257271.3,227.5,1132.9,733.2,537638.0,0.0044,TCP,1,1,1,1,0.0,6.0,0.75,night,22.75,0.0,0
2065156,2144,0.66,3146496.8,3266.6,965.9,724.4,524785.1,0.0003,TCP,1,1,1,1,0.0,6.0,0.66,night,326.66,0.0,0
18000000,13894,119.27,150917.2,116.5,1298.8,1288.8,1661033.5,0.0086,TCP,1,1,1,1,0.0,6.0,0.57,morning,11.65,0.0,0
188598,170,0.83,228466.3,205.9,1112.2,1023.6,1047848.8,0.0049,TCP,1,1,1,0,0.0,6.0,0.63,morning,20.59,0.0,0
165422,156,0.39,427577.4,403.2,1066.0,1354.4,1834529.8,0.0025,TCP,1,1,1,1,0.0,6.0,0.45,night,40.32,0.0,0
165459,156,0.21,790652.2,745.5,1066.2,893.4,798107.0,0.0014,TCP,1,1,1,1,0.0,6.0,0.67,evening,74.55,0.0,0
73303,104,0.36,205861.6,292.1,713.6,894.7,800423.1,0.0035,TCP,1,1,1,1,0.0,6.0,0.48,evening,29.21,0.0,0
133411,129,0.22,616881.0,596.5,1042.4,1085.5,1178278.7,0.0017,TCP,1,1,1,1,0.0,6.0,0.58,morning,59.65,0.0,0
152045,141,0.68,221996.2,205.9,1085.2,1128.6,1273687.7,0.0049,TCP,1,1,1,1,0.0,6.0,0.57,evening,20.59,0.0,0
159600,141,0.5,317073.7,280.1,1142.6,1217.2,1481595.0,0.0036,TCP,1,1,1,1,0.0,6.0,0.57,night,28.01,0.0,0
563558,528,0.45,1249460.7,1170.6,1071.0,941.5,886457.5,0.0009,TCP,1,1,1,1,0.0,6.0,0.63,morning,117.06,0.0,0
797570,726,0.55,1462215.8,1331.0,1099.4,1165.6,1358546.1,0.0008,TCP,1,1,1,1,0.0,6.0,0.54,afternoon,133.1,0.0,0
215903,180,0.27,807394.7,673.1,1207.6,1253.2,1570585.3,0.0015,TCP,1,1,1,1,0.0,6.0,0.58,night,67.31,0.0,0
3426830,2287,1.05,3271833.4,2183.6,1499.2,1148.6,1319394.1,0.0005,TCP,1,1,1,1,0.0,6.0,0.73,afternoon,218.36,0.0,0
306369,262,1.22,251428.4,215.0,1177.9,1228.8,1509986.7,0.0047,TCP,1,1,1,1,0.0,6.0,0.6,evening,21.5,0.0,0
3037662,2992,0.66,4614410.8,4545.0,1017.1,1089.3,1186557.7,0.0002,TCP,1,1,1,1,0.0,6.0,0.54,night,454.5,0.0,0
1539226,1369,13.5,114030.2,101.4,1127.0,1070.9,1146848.8,0.0099,TCP,1,1,1,1,0.0,6.0,0.65,night,10.14,0.0,0
227092,196,1.56,145113.8,125.2,1160.4,1212.9,1471063.8,0.008,TCP,1,1,1,0,0.0,6.0,0.56,morning,12.52,0.0,0
271432,241,0.78,347469.4,308.5,1133.3,938.4,880555.8,0.0033,TCP,1,1,1,1,0.0,6.0,0.69,evening,30.85,0.0,0
1010943,758,1.07,942829.2,706.9,1334.8,1117.5,1248723.2,0.0014,TCP,1,1,1,0,0.0,6.0,0.67,afternoon,70.69,0.0,0
152057,126,0.83,183328.7,151.9,1213.6,1198.0,1435203.0,0.0066,TCP,1,1,1,1,0.0,6.0,0.6,night,15.19,0.0,0
5858790,5847,35.51,164996.1,164.7,1004.1,1158.5,1342220.9,0.0061,TCP,1,1,1,1,0.0,6.0,0.5,evening,16.47,0.0,0
2657459,2172,1.26,2112019.4,1726.2,1226.3,1248.3,1558246.7,0.0006,TCP,1,1,1,0,0.0,6.0,0.57,afternoon,172.62,0.0,0
3319373,3891,20.28,163674.0,191.9,881.1,622.8,387904.1,0.0052,TCP,1,1,1,1,0.0,6.0,0.65,morning,19.19,0.0,0
227915,164,0.9,252616.9,181.8,1398.6,1242.1,1542839.6,0.0055,TCP,1,1,1,1,0.0,6.0,0.67,morning,18.18,0.0,0
934059,1007,1.01,924945.5,997.2,929.3,681.2,464098.1,0.001,TCP,1,1,1,1,0.0,6.0,0.67,morning,99.72,0.0,0
224245,229,2.23,100567.0,102.7,981.7,858.6,737169.4,0.0098,TCP,1,1,1,1,0.0,6.0,0.64,afternoon,10.27,0.0,0
18000000,10277,61.98,290393.4,165.8,1755.1,2198.8,4834800.6,0.006,TCP,1,1,1,1,0.0,6.0,0.54,night,16.58,0.0,0
27400000,21695,11.99,2284417.9,1808.8,1264.3,1267.4,1606404.2,0.0006,TCP,1,1,1,1,0.0,6.0,0.57,morning,180.88,0.0,0
15931264,14087,4.04,3945758.4,3489.0,1132.7,1289.2,1662090.3,0.0003,TCP,1,1,1,0,0.0,6.0,0.49,afternoon,348.9,0.0,0
86554,105,0.37,234352.8,284.3,832.6,1226.2,1503547.0,0.0036,TCP,1,1,1,1,0.0,6.0,0.42,morning,28.43,0.0,0
165723,157,0.29,563070.8,533.4,1063.3,1171.9,1373281.9,0.0019,TCP,1,1,1,1,0.0,6.0,0.55,evening,53.34,0.0,0
214934,198,1.74,123687.0,113.9,1090.2,1059.7,1123047.7,0.0088,TCP,1,1,1,1,0.0,6.0,0.61,afternoon,11.39,0.0,0
234772,177,0.59,395053.5,297.8,1331.5,1150.8,1324345.7,0.0034,TCP,1,1,1,1,0.0,6.0,0.7,night,29.78,0.0,0
162176,144,0.61,265035.0,235.3,1128.3,1189.7,1415464.6,0.0043,TCP,1,1,1,0,0.0,6.0,0.56,evening,23.53,0.0,0
119974,167,0.98,122801.4,170.9,723.3,770.5,593615.5,0.0059,TCP,1,1,1,1,0.0,6.0,0.49,afternoon,17.09,0.0,0
1225862,1039,1.47,834129.1,707.0,1185.9,1694.1,2870130.6,0.0014,TCP,1,1,1,0,0.0,6.0,0.44,morning,70.7,0.0,0
208214,188,0.79,263119.7,237.6,1114.1,1153.1,1329678.7,0.0042,TCP,1,1,1,1,0.0,6.0,0.6,evening,23.76,0.0,0
200135,187,0.36,562587.8,525.7,1077.2,1094.9,1198878.1,0.0019,TCP,1,1,1,1,0.0,6.0,0.6,night,52.57,0.0,0
162640,132,0.62,261766.1,212.5,1237.1,1219.2,1486507.5,0.0047,TCP,1,1,1,0,0.0,6.0,0.59,night,21.25,0.0,0
4832699,4628,36.1,133859.6,128.2,1045.8,1229.5,1511600.8,0.0078,TCP,1,1,1,1,0.0,6.0,0.48,evening,12.82,0.0,0
158089,140,1.56,101103.5,89.5,1135.8,1142.5,1305278.2,0.0112,TCP,1,1,1,1,0.0,6.0,0.63,morning,8.95,0.0,0
21500000,19940,6.28,3422376.7,3174.1,1077.8,1290.4,1665100.6,0.0003,TCP,1,1,1,0,0.0,6.0,0.47,morning,317.41,0.0,0
165422,170,0.18,935089.5,961.0,978.2,803.8,646094.4,0.001,TCP,1,1,1,1,0.0,6.0,0.65,night,96.1,0.0,0
98029,109,0.79,124592.0,138.5,906.9,1111.6,1235708.4,0.0073,TCP,1,1,1,1,0.0,6.0,0.5,morning,13.85,0.0,0
1047063,765,0.56,1871744.1,1367.5,1369.6,1032.6,1066199.6,0.0007,TCP,1,1,1,1,0.0,6.0,0.73,night,136.75,0.0,0
865100,691,5.75,150518.6,120.2,1255.0,1208.6,1460822.5,0.0083,TCP,1,1,1,1,0.0,6.0,0.6,morning,12.02,0.0,0
228752,259,1.7,134460.7,152.2,885.8,920.2,846722.5,0.0066,TCP,1,1,1,1,0.0,6.0,0.58,afternoon,15.22,0.0,0
981387,973,5.82,168697.2,167.3,1020.8,1106.0,1223249.2,0.006,TCP,1,1,1,1,0.0,6.0,0.55,morning,16.73,0.0,0
1756200,1730,1.42,1238477.9,1220.0,1024.1,1207.1,1457120.6,0.0008,TCP,1,1,1,1,0.0,6.0,0.54,morning,122.0,0.0,0
587000000,470934,120.0,4891723.5,3924.5,1248.3,1238.7,1534321.5,0.0003,TCP,1,1,1,0,0.5,6.0,0.57,night,392.45,0.0,0
346231,293,0.77,449007.5,380.0,1187.0,1222.1,1493591.2,0.0026,TCP,1,1,1,1,0.0,6.0,0.57,night,38.0,0.0,0
154278,148,0.5,308959.5,296.4,1048.4,1199.7,1439374.6,0.0034,TCP,1,1,1,1,0.0,6.0,0.56,afternoon,29.64,0.0,0
1103488,890,2.18,506630.1,408.6,1241.0,1267.0,1605217.6,0.0025,TCP,1,1,1,1,0.0,6.0,0.55,night,40.86,0.0,0
489531,410,3.63,134968.2,113.0,1195.9,1177.8,1387259.3,0.0089,TCP,1,1,1,1,0.0,6.0,0.6,evening,11.3,0.0,0
123984,141,0.27,462266.4,525.7,887.0,746.2,556811.6,0.0019,TCP,1,1,1,1,0.0,6.0,0.63,night,52.57,0.0,0
225839,227,1.65,137121.2,137.8,998.0,990.0,980136.0,0.0073,TCP,1,1,1,1,0.0,6.0,0.61,morning,13.78,0.0,0
338762,256,0.25,1377652.5,1041.1,1325.7,1129.5,1275854.7,0.001,TCP,1,1,1,1,0.0,6.0,0.67,night,104.11,0.0,0
199768,174,0.6,334326.3,291.2,1166.5,1132.5,1282546.6,0.0035,TCP,1,1,1,1,0.0,6.0,0.61,night,29.12,0.0,0
136568,204,0.39,346532.2,517.6,673.7,728.9,531276.7,0.0019,TCP,1,1,1,1,0.0,6.0,0.5,night,51.76,0.0,0
237656,206,0.18,1311972.8,1137.2,1158.4,1164.2,1355391.2,0.0009,TCP,1,1,1,0,0.0,6.0,0.58,morning,113.72,0.0,0
2065156,1923,0.57,3595170.8,3347.7,1076.7,888.9,790229.9,0.0003,TCP,1,1,1,1,0.0,6.0,0.66,night,334.77,0.0,0
118391,118,1.12,106069.5,105.7,1006.7,1075.3,1156368.9,0.0095,TCP,1,1,1,0,0.0,6.0,0.56,afternoon,10.57,0.0,0
274702,310,1.81,151617.6,171.1,888.5,908.1,824680.0,0.0059,TCP,1,1,1,1,0.0,6.0,0.56,evening,17.11,0.0,0
2465702,2372,6.51,378678.9,364.3,1044.9,985.5,971243.2,0.0027,TCP,1,1,1,1,0.0,6.0,0.61,night,36.43,0.0,0
1191919,1191,0.74,1618667.8,1617.4,1002.7,1219.6,1487436.7,0.0006,TCP,1,1,1,1,0.0,6.0,0.48,afternoon,161.74,0.0,0
233445,209,1.86,125470.9,112.3,1123.2,1187.2,1409437.6,0.0089,TCP,1,1,1,1,0.0,6.0,0.58,night,11.23,0.0,0
2094376,2189,0.49,4246848.9,4438.7,958.1,1020.6,1041571.3,0.0002,TCP,1,1,1,0,0.0,6.0,0.53,afternoon,443.87,0.0,0
165422,180,0.22,761352.0,828.4,923.9,768.1,589946.6,0.0012,TCP,1,1,1,1,0.0,6.0,0.63,morning,82.84,0.0,0
165422,168,0.19,856367.8,869.7,989.8,799.6,639360.1,0.0012,TCP,1,1,1,1,0.0,6.0,0.66,morning,86.97,0.0,0
165422,176,0.26,636892.5,677.6,944.8,732.2,536084.6,0.0015,TCP,1,1,1,1,0.0,6.0,0.66,evening,67.76,0.0,0
491002,424,0.35,1401333.4,1210.1,1161.1,993.2,986491.4,0.0008,TCP,1,1,1,1,0.0,6.0,0.66,morning,121.01,0.0,0
86533,112,0.27,322809.6,417.8,780.4,948.3,899211.5,0.0024,TCP,1,1,1,1,0.0,6.0,0.53,morning,41.78,0.0,0
1979584,1494,2.83,698458.9,527.1,1330.2,1196.0,1430451.8,0.0019,TCP,1,1,1,1,0.0,6.0,0.63,evening,52.71,0.0,0
3431395,2295,2.34,1467827.0,981.7,1495.8,1144.3,1309326.4,0.001,TCP,1,1,1,1,0.0,6.0,0.73,evening,98.17,0.0,0
189955,154,1.27,150127.0,121.7,1243.2,1285.2,1651854.4,0.0083,TCP,1,1,1,1,0.0,6.0,0.6,afternoon,12.17,0.0,0
2905424,2468,23.24,125042.9,106.2,1179.5,1284.5,1649833.5,0.0094,TCP,1,1,1,0,0.0,6.0,0.52,morning,10.62,0.0,0
107232,133,0.23,464726.8,576.4,811.3,718.4,516121.6,0.0017,TCP,1,1,1,1,0.0,6.0,0.59,afternoon,57.64,0.0,0
232737,184,0.23,1019408.2,805.9,1280.5,1170.0,1368787.6,0.0012,TCP,1,1,1,1,0.0,6.0,0.65,morning,80.59,0.0,0
151065,143,1.05,143642.1,136.0,1063.4,1139.9,1299376.3,0.0074,TCP,1,1,1,1,0.0,6.0,0.57,morning,13.6,0.0,0
128635,123,1.22,105282.8,100.7,1057.5,1103.5,1217788.8,0.01,TCP,1,1,1,1,0.0,6.0,0.57,evening,10.07,0.0,0
512988,367,3.97,129180.1,92.4,1416.3,1187.1,1409318.0,0.0109,TCP,1,1,1,1,0.0,6.0,0.69,evening,9.24,0.0,0
1133852,921,1.66,684733.8,556.2,1238.4,1459.3,2129606.3,0.0018,TCP,1,1,1,0,0.0,6.0,0.54,morning,55.62,0.0,0
277604,259,1.76,157540.7,147.0,1074.0,941.6,886636.9,0.0068,TCP,1,1,1,1,0.0,6.0,0.65,morning,14.7,0.0,0
134713,124,0.2,671667.5,618.3,1095.1,1173.1,1376081.0,0.0016,TCP,1,1,1,1,0.0,6.0,0.56,morning,61.83,0.0,0
115966,136,0.23,495350.5,580.9,857.6,710.8,505210.1,0.0017,TCP,1,1,1,1,0.0,6.0,0.62,night,58.09,0.0,0
539060,449,0.25,2169735.8,1807.2,1204.7,876.4,768014.4,0.0006,TCP,1,1,1,1,0.0,6.0,0.73,night,180.72,0.0,0
693109,588,0.24,2916941.3,2474.6,1180.2,1248.9,1559628.1,0.0004,TCP,1,1,1,1,0.0,6.0,0.56,night,247.46,0.0,0
165459,169,0.28,597124.4,609.9,984.2,738.4,545250.1,0.0016,TCP,1,1,1,1,0.0,6.0,0.68,afternoon,60.99,0.0,0
390944,334,1.55,251728.4,215.1,1174.3,1053.2,1109187.3,0.0047,TCP,1,1,1,1,0.0,6.0,0.64,evening,21.51,0.0,0
86554,103,0.35,246966.2,293.9,848.8,1111.0,1234290.7,0.0034,TCP,1,1,1,1,0.0,6.0,0.47,night,29.39,0.0,0
272477,290,0.8,341036.6,363.0,944.3,819.4,671340.5,0.0028,TCP,1,1,1,1,0.0,6.0,0.63,night,36.3,0.0,0
593000000,474809,119.96,4943319.0,3958.1,1252.4,1244.3,1548370.4,0.0003,TCP,1,1,1,0,1.0,6.0,0.57,evening,395.81,0.0,0
528076,455,0.93,569622.6,490.8,1162.7,605.6,366768.5,0.002,TCP,1,1,1,1,0.0,6.0,0.81,night,49.08,0.0,0
1162172,1081,1.35,861685.8,801.5,1077.4,1020.3,1041081.9,0.0012,TCP,1,1,1,0,0.0,6.0,0.6,afternoon,80.15,0.0,0
467728,384,0.43,1100370.8,903.4,1222.0,1258.7,1584365.4,0.0011,TCP,1,1,1,0,0.0,6.0,0.57,night,90.34,0.0,0
158081,184,0.61,258590.0,301.0,863.3,734.6,539645.7,0.0033,TCP,1,1,1,1,0.0,6.0,0.62,afternoon,30.1,0.0,0
1010943,737,0.87,1164301.3,848.8,1372.8,1245.3,1550863.8,0.0012,TCP,1,1,1,0,0.0,6.0,0.63,afternoon,84.88,0.0,0
2606808,1729,2.52,1036491.4,687.5,1508.2,975.6,951836.1,0.0015,TCP,1,1,1,1,0.0,6.0,0.81,evening,68.75,0.0,0
323194,278,2.96,109228.8,94.0,1169.2,1167.1,1362038.9,0.0107,TCP,1,1,1,1,0.0,6.0,0.59,morning,9.4,0.0,0
139008,161,0.73,190913.1,221.1,866.9,1121.9,1258739.6,0.0046,TCP,1,1,1,1,0.0,6.0,0.43,evening,22.11,0.0,0
3433707,3546,4.72,727154.9,750.9,973.4,1007.7,1015393.0,0.0013,TCP,1,1,1,1,0.0,6.0,0.55,night,75.09,0.0,0
18000000,11267,119.02,151239.6,94.7,1601.0,2138.1,4571415.5,0.0106,TCP,1,1,1,1,0.0,6.0,0.54,afternoon,9.47,0.0,0
291540,239,1.16,251448.1,206.1,1224.9,1270.5,1614171.5,0.0049,TCP,1,1,1,0,0.0,6.0,0.56,afternoon,20.61,0.0,0
305990,269,0.67,454150.1,399.2,1140.6,1193.6,1424671.5,0.0025,TCP,1,1,1,1,0.0,6.0,0.57,night,39.92,0.0,0
118316,132,0.74,160750.4,179.3,905.2,907.2,823083.0,0.0056,TCP,1,1,1,1,0.0,6.0,0.59,evening,17.93,0.0,0
458692,452,0.78,584337.4,575.8,1019.9,686.7,471567.3,0.0017,TCP,1,1,1,1,0.0,6.0,0.71,evening,57.58,0.0,0
137521,121,0.89,153741.7,135.3,1146.6,1229.5,1511779.1,0.0075,TCP,1,1,1,1,0.0,6.0,0.58,afternoon,13.53,0.0,0
571644,522,2.96,193007.2,176.2,1100.9,1066.2,1136825.0,0.0057,TCP,1,1,1,1,0.0,6.0,0.6,morning,17.62,0.0,0
52900000,36190,13.94,3795825.6,2596.8,1464.8,1629.6,2655603.8,0.0004,TCP,1,1,1,0,0.0,6.0,0.57,evening,259.68,0.0,0
2356918,2047,9.0,262023.1,227.6,1153.9,1266.0,1602734.9,0.0044,TCP,1,1,1,1,0.0,6.0,0.52,afternoon,22.76,0.0,0
830577,704,0.56,1478223.8,1252.9,1180.7,1034.0,1069133.1,0.0008,TCP,1,1,1,1,0.0,6.0,0.65,morning,125.29,0.0,0
303145,255,0.3,1001274.9,842.3,1201.0,1189.8,1415633.0,0.0012,TCP,1,1,1,1,0.0,6.0,0.6,evening,84.23,0.0,0
162531,139,0.9,181226.1,155.0,1178.2,1224.5,1499377.7,0.0065,TCP,1,1,1,1,0.0,6.0,0.57,morning,15.5,0.0,0
128356,160,0.68,189547.7,236.3,807.3,714.3,510281.0,0.0043,TCP,1,1,1,1,0.0,6.0,0.6,afternoon,23.63,0.0,0
345392,354,2.0,172580.0,176.9,977.7,975.2,950946.7,0.0057,TCP,1,1,1,1,0.0,6.0,0.6,afternoon,17.69,0.0,0
2028286,1621,14.06,144241.9,115.3,1253.7,1200.9,1442166.8,0.0087,TCP,1,1,1,0,0.0,6.0,0.61,afternoon,11.53,0.0,0
3847112,3288,1.48,2598215.0,2220.6,1172.3,1192.1,1421135.1,0.0005,TCP,1,1,1,0,0.0,6.0,0.56,evening,222.06,0.0,0
2743813,2380,9.06,302819.3,262.7,1157.0,1244.2,1548082.2,0.0038,TCP,1,1,1,1,0.0,6.0,0.54,morning,26.27,0.0,0
1047527,917,0.68,1529430.7,1338.9,1143.1,933.5,871335.7,0.0007,TCP,1,1,1,1,0.0,6.0,0.67,night,133.89,0.0,0
165422,172,0.22,755137.8,785.2,966.8,810.4,656825.8,0.0013,TCP,1,1,1,1,0.0,6.0,0.65,morning,78.52,0.0,0
249212,199,0.28,875122.0,698.8,1255.2,1002.8,1005651.2,0.0014,TCP,1,1,1,1,0.0,6.0,0.7,night,69.88,0.0,0
230889,220,1.19,193624.6,184.5,1053.0,1030.7,1062335.1,0.0054,TCP,1,1,1,1,0.0,6.0,0.6,morning,18.45,0.0,0
166414,156,1.02,163200.4,153.0,1070.8,972.8,946289.9,0.0066,TCP,1,1,1,0,0.0,6.0,0.65,night,15.3,0.0,0
97507,117,0.43,224772.5,269.7,840.9,904.0,817281.7,0.0037,TCP,1,1,1,1,0.0,6.0,0.55,night,26.97,0.0,0
251924,258,0.39,652178.1,667.9,981.8,873.6,763188.3,0.0015,TCP,1,1,1,1,0.0,6.0,0.62,night,66.79,0.0,0
118992,139,0.18,655061.9,765.2,862.4,743.2,552360.9,0.0013,TCP,1,1,1,1,0.0,6.0,0.62,morning,76.52,0.0,0
283918,336,1.95,145529.6,172.2,847.2,870.5,757816.8,0.0058,TCP,1,1,1,1,0.0,6.0,0.56,morning,17.22,0.0,0
213614,189,1.41,151921.3,134.4,1135.6,1137.5,1293872.8,0.0075,TCP,1,1,1,1,0.0,6.0,0.6,night,13.44,0.0,0
2884893,2788,19.73,146190.3,141.3,1036.2,779.7,607877.5,0.0071,TCP,1,1,1,1,0.0,6.0,0.67,afternoon,14.13,0.0,0
538936,450,5.07,106382.2,88.8,1224.7,1084.5,1176097.6,0.0113,TCP,1,1,1,1,0.0,6.0,0.63,night,8.88,0.0,0
16600000,13848,3.6,4611190.5,3846.7,1204.7,1228.7,1509814.9,0.0003,TCP,1,1,1,0,0.0,6.0,0.56,evening,384.67,0.0,0
3005323,3132,0.66,4520186.7,4710.7,961.4,986.5,973205.6,0.0002,TCP,1,1,1,1,0.0,6.0,0.56,morning,471.07,0.0,0
215903,184,0.16,1391297.9,1185.7,1181.3,1214.8,1475811.5,0.0008,TCP,1,1,1,1,0.0,6.0,0.58,afternoon,118.57,0.0,0
162454,158,0.19,865221.6,841.5,1034.3,939.4,882405.8,0.0012,TCP,1,1,1,1,0.0,6.0,0.63,evening,84.15,0.0,0
254633,218,1.56,163570.0,140.0,1172.1,1150.8,1324313.1,0.0072,TCP,1,1,1,0,0.0,6.0,0.58,afternoon,14.0,0.0,0
190115,172,1.5,126603.0,114.5,1111.7,1201.7,1443978.8,0.0088,TCP,1,1,1,0,0.0,6.0,0.55,evening,11.45,0.0,0
215903,185,0.15,1409242.5,1207.5,1174.7,1097.2,1203780.2,0.0008,TCP,1,1,1,1,0.0,6.0,0.63,evening,120.75,0.0,0
90563,137,0.44,207519.1,313.9,667.6,736.1,541817.5,0.0032,TCP,1,1,1,1,0.0,6.0,0.5,morning,31.39,0.0,0
216314,192,0.4,542775.6,481.8,1134.2,1099.5,1208993.3,0.0021,TCP,1,1,1,1,0.0,6.0,0.62,night,48.18,0.0,0
273134,290,1.61,169976.8,180.5,944.3,976.3,953127.3,0.0056,TCP,1,1,1,1,0.0,6.0,0.57,night,18.05,0.0,0
157825,146,0.61,260620.1,241.1,1087.6,1074.6,1154667.9,0.0042,TCP,1,1,1,1,0.0,6.0,0.59,night,24.11,0.0,0
765097,678,0.65,1169892.8,1036.7,1129.5,719.1,517058.7,0.001,TCP,1,1,1,1,0.0,6.0,0.76,night,103.67,0.0,0
338827,383,1.74,194326.0,219.7,886.4,881.1,776258.0,0.0046,TCP,1,1,1,1,0.0,6.0,0.6,afternoon,21.97,0.0,0
271547,223,1.23,220003.1,180.7,1225.0,1280.2,1639017.0,0.0056,TCP,1,1,1,1,0.0,6.0,0.56,night,18.07,0.0,0
236528,207,1.7,138952.5,121.6,1146.9,1196.1,1430625.5,0.0083,TCP,1,1,1,0,0.0,6.0,0.56,afternoon,12.16,0.0,0
333905,270,0.26,1285411.8,1039.4,1239.8,1017.0,1034329.7,0.001,TCP,1,1,1,1,0.0,6.0,0.7,morning,103.94,0.0,0
213821,177,0.91,234127.8,193.8,1215.5,1245.1,1550288.5,0.0052,TCP,1,1,1,1,0.0,6.0,0.56,night,19.38,0.0,0
100889,117,0.15,657651.5,762.7,873.0,1061.1,1125972.9,0.0013,TCP,1,1,1,1,0.0,6.0,0.49,afternoon,76.27,0.0,0
197255,170,0.61,325139.0,280.2,1168.2,1221.9,1493068.9,0.0036,TCP,1,1,1,1,0.0,6.0,0.58,afternoon,28.02,0.0,0
137642,138,0.4,340223.9,341.1,1003.7,1945.7,3785755.0,0.003,TCP,1,1,1,1,0.0,6.0,0.38,night,34.11,0.0,0
1380064,1229,10.53,131017.6,116.7,1124.4,1069.0,1142840.5,0.0086,TCP,1,1,1,1,0.0,6.0,0.62,evening,11.67,0.0,0
280177,245,1.62,172541.1,150.9,1158.9,999.8,999566.7,0.0067,TCP,1,1,1,1,0.0,6.0,0.66,morning,15.09,0.0,0
3162553,3694,2.32,1364950.3,1594.3,884.3,619.4,383628.7,0.0006,TCP,1,1,1,1,0.0,6.0,0.66,evening,159.43,0.0,0
272500,273,2.03,133978.6,134.2,1001.2,663.8,440681.5,0.0075,TCP,1,1,1,1,0.0,6.0,0.73,night,13.42,0.0,0
289657,249,1.47,197114.0,169.4,1180.9,1177.4,1386284.1,0.0059,TCP,1,1,1,0,0.0,6.0,0.58,afternoon,16.94,0.0,0
165385,148,0.36,455950.2,408.0,1123.4,1418.3,2011651.8,0.0025,TCP,1,1,1,1,0.0,6.0,0.49,evening,40.8,0.0,0
122754,118,1.03,118786.4,114.2,1052.7,1105.1,1221301.3,0.0088,TCP,1,1,1,0,0.0,6.0,0.55,night,11.42,0.0,0
445217,402,0.29,1559844.3,1408.4,1111.6,618.2,382122.4,0.0007,TCP,1,1,1,1,0.0,6.0,0.77,morning,140.84,0.0,0
85882,117,0.62,139529.8,190.1,763.9,717.4,514620.7,0.0053,TCP,1,1,1,1,0.0,6.0,0.56,morning,19.01,0.0,0
538991,517,0.26,2100338.6,2014.6,1046.4,660.4,436123.4,0.0005,TCP,1,1,1,1,0.0,6.0,0.72,night,201.46,0.0,0
127756,157,0.28,454017.6,557.9,819.4,694.6,482520.4,0.0018,TCP,1,1,1,1,0.0,6.0,0.61,afternoon,55.79,0.0,0
678190,696,0.77,875356.1,898.3,975.6,833.5,694661.6,0.0011,TCP,1,1,1,1,0.0,6.0,0.64,afternoon,89.83,0.0,0
1078269,850,1.81,597339.2,470.9,1271.4,1234.0,1522658.5,0.0021,TCP,1,1,1,0,0.0,6.0,0.59,afternoon,47.09,0.0,0
2356075,1531,14.22,165744.2,107.7,1539.6,1166.8,1361368.1,0.0093,TCP,1,1,1,1,0.0,6.0,0.73,night,10.77,0.0,0
854678,824,0.65,1321182.1,1273.8,1038.0,1165.4,1358087.8,0.0008,TCP,1,1,1,1,0.0,6.0,0.52,morning,127.38,0.0,0
161566,175,0.27,601149.0,651.1,926.9,690.1,476290.0,0.0015,TCP,1,1,1,1,0.0,6.0,0.67,night,65.11,0.0,0
320233,229,0.84,382230.4,273.3,1402.6,1224.0,1498243.3,0.0037,TCP,1,1,1,1,0.0,6.0,0.71,afternoon,27.33,0.0,0
2659342,1688,3.13,848510.2,538.6,1576.0,1144.3,1309489.6,0.0019,TCP,1,1,1,1,0.0,6.0,0.76,evening,53.86,0.0,0
105123,132,0.8,130746.7,164.2,811.1,1031.3,1063642.0,0.0061,TCP,1,1,1,1,0.0,6.0,0.55,morning,16.42,0.0,0
271652,202,1.32,206383.3,153.5,1348.2,1142.2,1304671.6,0.0065,TCP,1,1,1,1,0.0,6.0,0.7,night,15.35,0.0,0
141036,133,0.18,790507.4,745.5,1065.1,1154.5,1332921.0,0.0014,TCP,1,1,1,1,0.0,6.0,0.56,night,74.55,0.0,0
315067,225,2.92,107739.0,76.9,1416.8,1145.2,1311541.7,0.0131,TCP,1,1,1,1,0.0,6.0,0.72,morning,7.69,0.0,0
235312,182,0.24,999095.6,772.7,1299.6,1304.0,1700402.4,0.0013,TCP,1,1,1,1,0.0,6.0,0.61,afternoon,77.27,0.0,0
245249,175,1.79,136714.6,97.6,1415.3,1267.6,1606772.2,0.0103,TCP,1,1,1,1,0.0,6.0,0.66,evening,9.76,0.0,0
6015322,5563,1.94,3108669.4,2874.9,1083.3,1011.4,1022925.7,0.0003,TCP,1,1,1,1,0.0,6.0,0.6,morning,287.49,0.0,0
220108,174,0.38,582450.4,460.4,1267.1,1210.6,1465600.6,0.0022,TCP,1,1,1,0,0.0,6.0,0.61,night,46.04,0.0,0
366620,285,0.23,1585637.5,1232.6,1288.6,1232.2,1518269.4,0.0008,TCP,1,1,1,1,0.0,6.0,0.61,night,123.26,0.0,0
165422,167,0.18,904934.4,913.6,995.8,833.8,695172.3,0.0011,TCP,1,1,1,1,0.0,6.0,0.66,morning,91.36,0.0,0
469236,408,2.35,199999.7,173.9,1153.6,1069.9,1144750.2,0.0058,TCP,1,1,1,0,0.0,6.0,0.62,evening,17.39,0.0,0
784013,570,0.4,1978072.5,1438.1,1376.5,1091.2,1190661.6,0.0007,TCP,1,1,1,1,0.0,6.0,0.72,night,143.81,0.0,0
1783979,2040,0.71,2518847.8,2880.3,890.8,619.5,383831.9,0.0003,TCP,1,1,1,1,0.0,6.0,0.67,night,288.03,0.0,0
3359364,2803,10.76,312175.4,260.5,1200.9,1350.4,1823569.8,0.0038,TCP,1,1,1,1,0.0,6.0,0.51,evening,26.05,0.0,0
151065,147,1.36,110972.4,108.0,1034.3,1072.9,1151108.7,0.0093,TCP,1,1,1,1,0.0,6.0,0.59,morning,10.8,0.0,0
2705960,2409,24.39,110967.2,98.8,1123.4,1266.8,1604868.1,0.0101,TCP,1,1,1,0,0.0,6.0,0.51,night,9.88,0.0,0
4161329,3828,0.94,4410107.6,4056.9,1089.6,992.9,985919.5,0.0002,TCP,1,1,1,1,0.0,6.0,0.62,morning,405.69,0.0,0
654365,595,3.23,202427.7,184.1,1106.1,1114.6,1242360.5,0.0054,TCP,1,1,1,1,0.0,6.0,0.6,night,18.41,0.0,0
880464,705,0.58,1529621.7,1224.8,1249.8,1156.2,1336843.0,0.0008,TCP,1,1,1,1,0.0,6.0,0.64,evening,122.48,0.0,0
10700000,9529,83.11,128748.9,114.7,1122.9,1245.6,1551577.4,0.0087,TCP,1,1,1,0,0.0,6.0,0.52,afternoon,11.47,0.0,0
134214,129,1.04,129580.7,124.5,1046.5,1148.4,1318852.3,0.0081,TCP,1,1,1,0,0.0,6.0,0.53,evening,12.45,0.0,0
254504,276,1.01,251384.6,272.6,930.5,696.7,485410.2,0.0037,TCP,1,1,1,1,0.0,6.0,0.66,afternoon,27.26,0.0,0
52923444,51247,15.83,3342225.6,3236.4,1034.2,1085.9,1179282.1,0.0003,TCP,1,1,1,0,0.0,6.0,0.55,night,323.64,0.0,0
86533,98,0.3,286468.6,324.4,891.9,1239.2,1535575.1,0.0031,TCP,1,1,1,1,0.0,6.0,0.45,morning,32.44,0.0,0
243974,224,0.34,712495.1,654.2,1091.5,1093.3,1195280.9,0.0015,TCP,1,1,1,0,0.0,6.0,0.59,evening,65.42,0.0,0
10200000,9509,61.82,164990.6,153.8,1079.5,1037.7,1076885.9,0.0065,TCP,1,1,1,1,0.0,6.0,0.59,night,15.38,0.0,0
54400000,41026,118.98,457238.1,344.8,1329.7,1382.6,1911484.6,0.0029,TCP,1,1,1,1,0.5,6.0,0.57,night,34.48,0.0,0
224150,210,1.15,195022.8,182.7,1073.8,1036.6,1074436.4,0.0055,TCP,1,1,1,1,0.0,6.0,0.61,morning,18.27,0.0,0
18100000,12568,11.82,1530763.5,1062.9,1439.7,1922.7,3696882.2,0.0009,TCP,1,1,1,0,0.0,6.0,0.51,morning,106.29,0.0,0
693109,494,0.25,2729796.6,1945.6,1404.7,1168.1,1364355.7,0.0005,TCP,1,1,1,1,0.0,6.0,0.72,morning,194.56,0.0,0
1367903,1209,0.88,1546591.5,1366.9,1134.5,1299.4,1688353.0,0.0007,TCP,1,1,1,1,0.0,6.0,0.51,morning,136.69,0.0,0
117389,120,1.03,113886.6,116.4,987.3,1125.7,1267261.3,0.0087,TCP,1,1,1,1,0.0,6.0,0.57,afternoon,11.64,0.0,0
212854,194,0.42,511862.7,466.5,1101.6,1082.2,1171162.5,0.0022,TCP,1,1,1,1,0.0,6.0,0.62,night,46.65,0.0,0
1010943,661,1.27,794309.4,519.4,1530.6,1186.1,1406850.4,0.0019,TCP,1,1,1,0,0.0,6.0,0.71,night,51.94,0.0,0
157723,137,1.35,116809.5,101.5,1154.1,1262.9,1594992.3,0.0099,TCP,1,1,1,0,0.0,6.0,0.54,evening,10.15,0.0,0
104393,109,0.14,729138.9,761.3,970.0,1072.7,1150768.9,0.0013,TCP,1,1,1,1,0.0,6.0,0.53,night,76.13,0.0,0
215903,171,0.15,1417867.9,1123.0,1270.9,1254.6,1573901.3,0.0009,TCP,1,1,1,1,0.0,6.0,0.6,evening,112.3,0.0,0
120717,149,0.24,512622.7,632.7,819.9,700.2,490294.9,0.0016,TCP,1,1,1,1,0.0,6.0,0.6,evening,63.27,0.0,0
165385,162,0.2,840755.4,823.5,1026.3,797.9,636612.7,0.0012,TCP,1,1,1,1,0.0,6.0,0.69,night,82.35,0.0,0
15500000,13479,119.37,129853.1,112.9,1156.4,1106.0,1223302.6,0.0089,TCP,1,1,1,1,0.5,6.0,0.6,afternoon,11.29,0.0,0
410388,315,1.47,279254.2,214.3,1317.9,1382.0,1910043.8,0.0047,TCP,1,1,1,0,0.0,6.0,0.59,evening,21.43,0.0,0
445201,453,0.23,1968626.7,2003.1,987.1,679.1,461165.7,0.0005,TCP,1,1,1,1,0.0,6.0,0.68,afternoon,200.31,0.0,0
8884875,7327,82.4,107827.5,88.9,1215.5,1222.1,1493495.7,0.0112,TCP,1,1,1,0,0.5,6.0,0.57,night,8.89,0.0,0
577175,497,1.83,314755.5,271.0,1166.7,1062.5,1128843.4,0.0037,TCP,1,1,1,0,0.5,6.0,0.63,afternoon,27.1,0.0,0
140187,138,0.47,299093.0,294.4,1021.7,1122.4,1259774.1,0.0034,TCP,1,1,1,1,0.0,6.0,0.56,afternoon,29.44,0.0,0
182910,169,0.93,197052.2,182.1,1089.6,1166.4,1360484.7,0.0055,TCP,1,1,1,1,0.0,6.0,0.56,morning,18.21,0.0,0
86570,94,0.34,252312.0,274.0,930.2,1364.0,1860422.1,0.0037,TCP,1,1,1,1,0.0,6.0,0.44,evening,27.4,0.0,0
251844,299,1.68,150018.2,178.1,844.7,886.1,785085.7,0.0056,TCP,1,1,1,1,0.0,6.0,0.55,evening,17.81,0.0,0
1727198,1386,17.22,100328.3,80.5,1250.4,1273.3,1621363.8,0.0124,TCP,1,1,1,1,0.0,6.0,0.56,evening,8.05,0.0,0
594548,400,4.66,127495.9,85.8,1534.8,1586.7,2517744.6,0.0117,TCP,1,1,1,1,0.0,6.0,0.58,morning,8.58,0.0,0
130747,121,0.15,878682.0,813.2,1092.5,1135.5,1289393.5,0.0012,TCP,1,1,1,1,0.0,6.0,0.57,afternoon,81.32,0.0,0
874784,713,1.87,468591.0,381.9,1229.3,1261.6,1591546.1,0.0026,TCP,1,1,1,0,0.0,6.0,0.56,night,38.19,0.0,0
183353,164,0.29,625564.7,559.5,1127.4,1163.9,1354686.5,0.0018,TCP,1,1,1,1,0.0,6.0,0.58,evening,55.95,0.0,0
640097,544,0.32,1971385.4,1675.4,1178.9,1094.2,1197311.6,0.0006,TCP,1,1,1,1,0.0,6.0,0.63,afternoon,167.54,0.0,0
165385,166,0.22,739154.1,741.9,1001.5,911.7,831172.1,0.0014,TCP,1,1,1,1,0.0,6.0,0.62,night,74.19,0.0,0
194082,166,1.56,124517.7,106.5,1171.5,1190.5,1417282.1,0.0094,TCP,1,1,1,0,0.0,6.0,0.56,morning,10.65,0.0,0
165422,168,0.19,876366.2,890.0,989.8,832.1,692315.9,0.0011,TCP,1,1,1,1,0.0,6.0,0.65,night,89.0,0.0,0
3673448,2928,10.37,354315.1,282.4,1257.3,1235.8,1527258.1,0.0035,TCP,1,1,1,1,0.0,6.0,0.59,morning,28.24,0.0,0
910204,688,7.59,119892.2,90.6,1328.0,1234.0,1522858.0,0.0111,TCP,1,1,1,1,0.0,6.0,0.66,night,9.06,0.0,0
1047063,837,0.5,2079775.5,1662.5,1251.8,1047.9,1098051.0,0.0006,TCP,1,1,1,1,0.0,6.0,0.68,morning,166.25,0.0,0
1341594,1042,0.51,2628262.6,2041.3,1289.2,1215.0,1476155.3,0.0005,TCP,1,1,1,1,0.0,6.0,0.61,morning,204.13,0.0,0
163377,190,0.19,838742.6,975.4,865.9,738.7,545658.4,0.001,TCP,1,1,1,1,0.0,6.0,0.62,morning,97.54,0.0,0
104393,110,0.14,733210.2,772.6,961.2,1053.8,1110508.6,0.0013,TCP,1,1,1,1,0.0,6.0,0.54,evening,77.26,0.0,0
233299,200,0.2,1143919.7,980.6,1170.8,886.5,785801.3,0.001,TCP,1,1,1,1,0.0,6.0,0.72,evening,98.06,0.0,0
160359,167,0.33,488101.8,508.3,967.8,922.5,851092.6,0.002,TCP,1,1,1,1,0.0,6.0,0.6,morning,50.83,0.0,0
834289,642,0.56,1502928.3,1156.5,1300.5,1219.3,1486583.8,0.0009,TCP,1,1,1,1,0.0,6.0,0.62,afternoon,115.65,0.0,0
1704253,1623,9.96,171181.7,163.0,1053.2,960.3,922231.8,0.0061,TCP,1,1,1,1,0.0,6.0,0.62,night,16.3,0.0,0
2450557,2340,22.2,110389.4,105.4,1048.9,1074.6,1154739.1,0.0095,TCP,1,1,1,0,0.0,6.0,0.56,evening,10.54,0.0,0
338066,388,1.99,170213.5,195.4,873.2,872.2,760684.7,0.0051,TCP,1,1,1,1,0.0,6.0,0.58,evening,19.54,0.0,0
1764733,1513,5.59,315675.2,270.6,1170.0,1343.6,1805260.9,0.0037,TCP,1,1,1,1,0.0,6.0,0.52,morning,27.06,0.0,0
126709,123,0.23,541787.8,525.9,1039.2,1118.1,1250211.0,0.0019,TCP,1,1,1,1,0.0,6.0,0.56,night,52.59,0.0,0
3083184,2429,6.51,473303.0,372.9,1270.4,1246.2,1553101.8,0.0027,TCP,1,1,1,0,0.0,6.0,0.58,night,37.29,0.0,0
118320,118,0.2,595827.4,594.2,1009.8,1105.8,1222868.2,0.0017,TCP,1,1,1,1,0.0,6.0,0.56,night,59.42,0.0,0
286544,225,2.38,120487.7,94.6,1295.6,1199.0,1437565.5,0.0106,TCP,1,1,1,1,0.0,6.0,0.64,afternoon,9.46,0.0,0
204820,181,0.64,317793.3,280.8,1138.6,1273.3,1621330.9,0.0036,TCP,1,1,1,1,0.0,6.0,0.54,morning,28.08,0.0,0
526575,594,0.3,1769613.4,1996.2,887.9,1113.3,1239456.8,0.0005,TCP,1,1,1,0,0.0,6.0,0.45,afternoon,199.62,0.0,0
167032,184,1.6,104656.6,115.3,914.1,984.2,968739.0,0.0087,TCP,1,1,1,1,0.0,6.0,0.58,afternoon,11.53,0.0,0
758851,696,0.6,1274431.0,1168.9,1091.2,1228.3,1508772.6,0.0009,TCP,1,1,1,1,0.0,6.0,0.52,morning,116.89,0.0,0
172593,212,0.29,586855.4,720.8,818.1,772.5,596716.8,0.0014,TCP,1,1,1,1,0.0,6.0,0.57,afternoon,72.08,0.0,0
162175,174,1.45,111616.1,119.8,936.2,1020.3,1041025.2,0.0084,TCP,1,1,1,1,0.0,6.0,0.56,morning,11.98,0.0,0
89387,121,0.6,148403.8,200.9,745.5,873.4,762826.7,0.005,TCP,1,1,1,1,0.0,6.0,0.52,morning,20.09,0.0,0
265936,287,1.53,173344.0,187.1,931.1,875.2,766020.4,0.0054,TCP,1,1,1,1,0.0,6.0,0.62,night,18.71,0.0,0
770600,728,0.59,1315733.3,1243.0,1059.4,1173.5,1377204.4,0.0008,TCP,1,1,1,1,0.0,6.0,0.52,morning,124.3,0.0,0
897693,904,8.4,106845.2,107.6,1000.7,986.5,973145.4,0.0093,TCP,1,1,1,1,0.0,6.0,0.61,morning,10.76,0.0,0
189724,160,1.36,139984.2,118.1,1190.5,1254.9,1574665.2,0.0085,TCP,1,1,1,0,0.0,6.0,0.57,evening,11.81,0.0,0
142316,145,0.19,756175.4,770.4,985.8,1190.1,1416455.8,0.0013,TCP,1,1,1,1,0.0,6.0,0.51,night,77.04,0.0,0
8375228,6297,64.4,130049.5,97.8,1341.2,1147.1,1315738.9,0.0102,TCP,1,1,1,1,0.0,6.0,0.67,night,9.78,0.0,0
475000000,383883,120.0,3958371.5,3199.1,1240.1,1252.6,1569086.6,0.0003,TCP,1,1,1,0,1.0,6.0,0.57,morning,319.91,0.0,0
11600000,11351,97.37,119130.3,116.6,1025.7,1082.7,1172338.3,0.0086,TCP,1,1,1,1,0.5,6.0,0.58,morning,11.66,0.0,0
165443,162,0.26,647293.3,633.8,1026.6,838.9,703763.4,0.0016,TCP,1,1,1,1,0.0,6.0,0.67,morning,63.38,0.0,0
2540798,2217,6.32,401737.5,350.5,1152.7,1425.0,2030657.1,0.0029,TCP,1,1,1,0,0.0,6.0,0.5,evening,35.05,0.0,0
237651,198,0.17,1395345.2,1162.5,1202.7,1260.3,1588453.4,0.0009,TCP,1,1,1,0,0.0,6.0,0.57,afternoon,116.25,0.0,0
134287,129,0.69,193320.2,185.7,1048.3,1062.9,1129682.9,0.0054,TCP,1,1,1,1,0.0,6.0,0.57,afternoon,18.57,0.0,0
307693,301,2.21,139479.4,136.4,1027.4,1075.8,1157267.7,0.0074,TCP,1,1,1,1,0.0,6.0,0.56,afternoon,13.64,0.0,0
585000000,468169,120.0,4875009.1,3901.4,1251.0,1243.1,1545228.2,0.0003,TCP,1,1,1,0,1.0,6.0,0.57,afternoon,390.14,0.0,0
123678,152,0.41,299110.5,367.6,829.1,706.5,499105.1,0.0027,TCP,1,1,1,1,0.0,6.0,0.61,morning,36.76,0.0,0
435296,370,1.11,392728.2,333.8,1182.6,1179.2,1390510.2,0.003,TCP,1,1,1,1,0.0,6.0,0.62,evening,33.38,0.0,0
271980,231,1.14,238896.0,202.9,1183.9,1255.6,1576443.8,0.0049,TCP,1,1,1,1,0.0,6.0,0.56,morning,20.29,0.0,0
391934,252,0.16,2383171.5,1532.3,1556.7,1150.5,1323745.8,0.0007,TCP,1,1,1,0,0.0,6.0,0.76,morning,153.23,0.0,0
162634,151,0.63,256205.3,237.9,1079.0,1218.0,1483559.3,0.0042,TCP,1,1,1,0,0.0,6.0,0.53,afternoon,23.79,0.0,0
165422,180,0.26,646844.2,703.8,923.9,752.8,566649.9,0.0014,TCP,1,1,1,1,0.0,6.0,0.64,evening,70.38,0.0,0
772845,602,0.53,1470394.1,1145.3,1284.8,1191.5,1419624.3,0.0009,TCP,1,1,1,1,0.0,6.0,0.62,afternoon,114.53,0.0,0
284683,309,1.5,189690.7,205.9,923.4,889.2,790685.6,0.0049,TCP,1,1,1,1,0.0,6.0,0.61,evening,20.59,0.0,0
24400000,19730,17.29,1411486.9,1141.3,1237.7,1290.7,1665832.6,0.0009,TCP,1,1,1,0,0.0,6.0,0.55,evening,114.13,0.0,0
193554,177,1.08,179250.4,163.9,1098.0,1111.6,1235701.0,0.0061,TCP,1,1,1,1,0.0,6.0,0.58,afternoon,16.39,0.0,0
51500000,39741,11.75,4381610.2,3381.2,1294.9,1248.1,1557824.9,0.0003,TCP,1,1,1,0,0.0,6.0,0.59,night,338.12,0.0,0
372539,307,3.31,112638.9,92.8,1221.9,1261.2,1590717.6,0.0108,TCP,1,1,1,1,0.0,6.0,0.56,night,9.28,0.0,0
346243,346,0.68,511839.4,511.5,1004.5,1196.4,1431344.5,0.002,TCP,1,1,1,1,0.0,6.0,0.49,afternoon,51.15,0.0,0
695754,597,3.26,213526.3,183.2,1168.3,1182.9,1399296.3,0.0055,TCP,1,1,1,0,0.0,6.0,0.57,night,18.32,0.0,0
296389,254,1.52,195588.1,167.6,1171.7,1181.5,1396004.5,0.006,TCP,1,1,1,0,0.0,6.0,0.57,night,16.76,0.0,0
3852431,3432,31.24,123329.3,109.9,1125.1,997.5,995001.0,0.0091,TCP,1,1,1,1,0.0,6.0,0.63,evening,10.99,0.0,0
165422,181,0.24,694630.1,760.0,918.7,806.1,649740.7,0.0013,TCP,1,1,1,1,0.0,6.0,0.62,evening,76.0,0.0,0
170139,158,0.6,284934.1,264.6,1084.4,1179.5,1391326.9,0.0038,TCP,1,1,1,1,0.0,6.0,0.56,afternoon,26.46,0.0,0
810583,752,0.56,1458528.4,1353.1,1078.7,1155.5,1335138.6,0.0007,TCP,1,1,1,1,0.0,6.0,0.54,afternoon,135.31,0.0,0
345493,237,0.85,404095.3,277.2,1464.4,1105.1,1221324.3,0.0036,TCP,1,1,1,1,0.0,6.0,0.77,evening,27.72,0.0,0
199145,185,0.53,373507.1,347.0,1083.7,1174.2,1378686.4,0.0029,TCP,1,1,1,1,0.0,6.0,0.57,afternoon,34.7,0.0,0
1685374,1451,2.78,605280.5,521.1,1173.8,1138.5,1296117.5,0.0019,TCP,1,1,1,1,0.0,6.0,0.59,night,52.11,0.0,0
546943,330,3.69,148114.1,89.4,1690.6,1583.4,2507278.5,0.0112,TCP,1,1,1,1,0.0,6.0,0.63,afternoon,8.94,0.0,0
165422,170,0.17,947152.1,973.4,978.2,863.0,744762.8,0.001,TCP,1,1,1,1,0.0,6.0,0.64,morning,97.34,0.0,0
20200000,18697,11.02,1833171.4,1696.8,1080.5,1587.0,2518463.7,0.0006,TCP,1,1,1,0,0.0,6.0,0.43,morning,169.68,0.0,0
275061,270,1.63,168348.3,165.3,1021.2,944.2,891542.0,0.0061,TCP,1,1,1,1,0.0,6.0,0.65,morning,16.53,0.0,0
166691,144,0.89,187467.0,161.9,1166.3,1210.9,1466293.9,0.0062,TCP,1,1,1,1,0.0,6.0,0.57,evening,16.19,0.0,0
319227,274,2.13,149607.7,128.4,1173.5,1204.4,1450673.3,0.0078,TCP,1,1,1,1,0.0,6.0,0.57,afternoon,12.84,0.0,0
1043509,920,6.82,153007.5,134.9,1137.5,1187.7,1410747.1,0.0074,TCP,1,1,1,0,0.0,6.0,0.55,morning,13.49,0.0,0
114438,125,0.17,659520.4,720.4,924.1,923.6,853004.8,0.0014,TCP,1,1,1,1,0.0,6.0,0.59,morning,72.04,0.0,0
735694,641,0.53,1396504.6,1216.8,1148.7,1047.3,1096734.9,0.0008,TCP,1,1,1,1,0.0,6.0,0.64,morning,121.68,0.0,0
111633,118,0.19,597747.9,631.8,957.6,1050.6,1103831.3,0.0016,TCP,1,1,1,1,0.0,6.0,0.54,evening,63.18,0.0,0
557565,438,2.52,221017.8,173.6,1276.9,1272.3,1618855.5,0.0058,TCP,1,1,1,0,0.0,6.0,0.58,morning,17.36,0.0,0
617535,462,0.37,1655638.6,1238.6,1338.1,1227.0,1505567.0,0.0008,TCP,1,1,1,1,0.0,6.0,0.63,morning,123.86,0.0,0
1739943,1328,0.47,3697797.2,2822.3,1313.9,1265.2,1600778.0,0.0004,TCP,1,1,1,1,0.0,6.0,0.59,evening,282.23,0.0,0
133832,171,1.24,107780.8,137.7,802.1,708.0,501309.9,0.0073,TCP,1,1,1,1,0.5,6.0,0.65,evening,13.77,0.0,0
1198804,1020,2.46,486479.2,413.9,1178.6,1193.4,1424179.5,0.0024,TCP,1,1,1,1,0.0,6.0,0.57,afternoon,41.39,0.0,0
271543,194,1.06,255072.2,182.2,1405.3,1236.0,1527657.0,0.0055,TCP,1,1,1,1,0.0,6.0,0.66,evening,18.22,0.0,0
2788750,2214,24.5,113824.0,90.4,1260.0,822.1,675792.4,0.0111,TCP,1,1,1,1,0.0,6.0,0.77,morning,9.04,0.0,0
116430,137,0.24,486223.1,572.1,860.8,712.7,507906.1,0.0018,TCP,1,1,1,1,0.0,6.0,0.63,afternoon,57.21,0.0,0
2309141,1912,8.89,259806.3,215.1,1209.7,1224.8,1500148.5,0.0047,TCP,1,1,1,0,0.0,6.0,0.58,evening,21.51,0.0,0
1010943,722,1.04,972178.4,694.3,1401.3,1258.5,1583883.5,0.0014,TCP,1,1,1,0,0.0,6.0,0.64,night,69.43,0.0,0
165459,174,0.24,690099.7,725.7,955.9,808.2,653134.1,0.0014,TCP,1,1,1,1,0.0,6.0,0.64,afternoon,72.57,0.0,0
225123,192,1.42,158431.1,135.1,1186.0,1149.3,1320776.5,0.0074,TCP,1,1,1,1,0.0,6.0,0.61,afternoon,13.51,0.0,0
121706,118,0.2,617364.5,598.6,1038.5,1116.9,1247366.7,0.0017,TCP,1,1,1,1,0.0,6.0,0.56,morning,59.86,0.0,0
204555,224,1.46,140304.7,153.6,919.3,893.3,797989.2,0.0065,TCP,1,1,1,1,0.0,6.0,0.58,evening,15.36,0.0,0
252295,325,1.38,182676.5,235.3,778.2,682.5,465792.0,0.0043,TCP,1,1,1,1,0.0,6.0,0.65,afternoon,23.53,0.0,0
369198,243,2.28,161828.0,106.5,1529.2,1153.1,1329538.0,0.0094,TCP,1,1,1,1,0.0,6.0,0.76,night,10.65,0.0,0
165422,172,0.22,763731.7,794.1,966.8,923.0,851868.1,0.0013,TCP,1,1,1,1,0.0,6.0,0.6,night,79.41,0.0,0
1010943,648,1.34,754660.9,483.7,1561.3,1155.6,1335505.9,0.0021,TCP,1,1,1,0,0.0,6.0,0.74,afternoon,48.37,0.0,0
115977,115,0.14,810178.1,803.4,1020.2,1127.3,1270723.0,0.0013,TCP,1,1,1,1,0.0,6.0,0.54,afternoon,80.34,0.0,0
1875178,1572,9.14,205248.3,172.1,1197.2,1263.9,1597461.3,0.0058,TCP,1,1,1,1,0.0,6.0,0.55,night,17.21,0.0,0
183353,174,0.29,638967.5,606.4,1062.5,995.9,991799.0,0.0017,TCP,1,1,1,1,0.0,6.0,0.61,night,60.64,0.0,0
2093005,1982,0.54,3867576.9,3662.5,1058.9,929.5,863958.6,0.0003,TCP,1,1,1,1,0.0,6.0,0.63,morning,366.25,0.0,0
155937,187,0.4,388001.4,465.3,845.0,706.1,498646.3,0.0022,TCP,1,1,1,1,0.0,6.0,0.63,evening,46.53,0.0,0
86570,90,0.66,131915.8,137.1,971.6,1372.5,1883849.1,0.0074,TCP,1,1,1,1,0.0,6.0,0.42,morning,13.71,0.0,0
55400000,43047,118.03,469353.3,364.7,1290.9,1282.8,1645663.2,0.0027,TCP,1,1,1,1,0.5,6.0,0.57,night,36.47,0.0,0
724925,622,0.52,1388846.3,1191.7,1166.5,1013.0,1026243.7,0.0008,TCP,1,1,1,1,0.0,6.0,0.65,afternoon,119.17,0.0,0
243986,220,0.21,1159508.0,1045.5,1113.8,1089.6,1187303.3,0.001,TCP,1,1,1,0,0.0,6.0,0.6,afternoon,104.55,0.0,0
2293895,1938,2.19,1047773.2,885.2,1185.3,1203.0,1447177.0,0.0011,TCP,1,1,1,0,0.0,6.0,0.56,afternoon,88.52,0.0,0
847645,756,0.34,2478102.9,2210.2,1122.9,1030.3,1061447.6,0.0005,TCP,1,1,1,1,0.0,6.0,0.63,evening,221.02,0.0,0
141246,134,0.18,793316.3,752.6,1062.6,1168.1,1364503.4,0.0013,TCP,1,1,1,1,0.0,6.0,0.55,night,75.26,0.0,0
51500000,41618,12.92,3987540.0,3222.4,1236.5,1119.7,1253743.9,0.0003,TCP,1,1,1,0,0.0,6.0,0.63,afternoon,322.24,0.0,0
169880,177,0.42,404354.9,421.3,974.8,1037.4,1076173.0,0.0024,TCP,1,1,1,1,0.0,6.0,0.56,morning,42.13,0.0,0
445207,405,0.58,767684.3,698.4,1103.4,642.3,412515.1,0.0014,TCP,1,1,1,1,0.0,6.0,0.76,morning,69.84,0.0,0
183985,207,1.56,117579.3,132.3,892.2,965.0,931290.9,0.0076,TCP,1,1,1,1,0.0,6.0,0.58,afternoon,13.23,0.0,0
146000,117,0.08,1840715.1,1475.1,1247.9,1331.1,1771855.8,0.0007,TCP,1,1,1,0,0.0,6.0,0.54,morning,147.51,0.0,0
421866119,332351,119.86,3519632.9,2772.8,1271.9,1266.3,1603419.3,0.0004,TCP,1,1,1,0,0.0,6.0,0.57,night,277.28,0.0,0
459218,473,0.34,1360867.7,1401.7,974.5,715.7,512221.0,0.0007,TCP,1,1,1,1,0.0,6.0,0.66,evening,140.17,0.0,0
8805130,7675,47.39,185793.1,161.9,1147.3,1099.9,1209731.2,0.0062,TCP,1,1,1,0,0.0,6.0,0.6,morning,16.19,0.0,0
20000000,16181,88.65,225614.3,182.5,1238.7,1226.2,1503508.6,0.0055,TCP,1,1,1,0,0.0,6.0,0.58,morning,18.25,0.0,0
722089,570,0.48,1502996.3,1186.4,1267.9,1164.3,1355493.5,0.0008,TCP,1,1,1,1,0.0,6.0,0.63,evening,118.64,0.0,0
1982998,2024,0.84,2370167.2,2419.2,982.6,791.5,626468.2,0.0004,TCP,1,1,1,1,0.0,6.0,0.64,afternoon,241.92,0.0,0
151419,139,0.88,171459.9,157.4,1096.5,1204.8,1451595.1,0.0064,TCP,1,1,1,1,0.0,6.0,0.55,night,15.74,0.0,0
165422,209,0.5,331154.0,418.4,795.7,838.8,703565.3,0.0024,TCP,1,1,1,1,0.0,6.0,0.53,evening,41.84,0.0,0
225876,245,1.69,133665.2,145.0,924.8,950.5,903528.3,0.0069,TCP,1,1,1,1,0.0,6.0,0.58,evening,14.5,0.0,0
376027,376,0.36,1048714.3,1048.6,1004.4,884.8,782823.2,0.001,TCP,1,1,1,1,0.0,6.0,0.62,night,104.86,0.0,0
432139,357,3.18,135680.5,112.1,1213.4,1037.5,1076327.2,0.0089,TCP,1,1,1,1,0.0,6.0,0.66,afternoon,11.21,0.0,0
165422,166,0.28,580821.4,582.9,1001.8,825.4,681210.8,0.0017,TCP,1,1,1,1,0.0,6.0,0.67,evening,58.29,0.0,0
193531,177,1.21,160561.9,146.8,1098.9,1038.6,1078602.6,0.0068,TCP,1,1,1,1,0.0,6.0,0.62,afternoon,14.68,0.0,0
2905933,2126,10.33,281316.9,205.8,1367.4,1235.1,1525472.2,0.0049,TCP,1,1,1,1,0.0,6.0,0.63,evening,20.58,0.0,0
86570,101,0.37,236625.1,276.1,865.8,1081.7,1170009.0,0.0037,TCP,1,1,1,1,0.0,6.0,0.5,morning,27.61,0.0,0
516000000,411311,119.84,4305626.5,3432.1,1257.0,1273.6,1622125.9,0.0003,TCP,1,1,1,0,0.0,6.0,0.56,night,343.21,0.0,0
120993,125,0.18,690492.9,713.4,976.9,1068.3,1141203.2,0.0014,TCP,1,1,1,1,0.0,6.0,0.56,afternoon,71.34,0.0,0
476526,352,1.25,380769.7,281.3,1359.2,1125.4,1266478.3,0.0036,TCP,1,1,1,1,0.0,6.0,0.7,afternoon,28.13,0.0,0
162640,136,0.63,259599.7,217.1,1200.5,1205.4,1452898.1,0.0046,TCP,1,1,1,0,0.0,6.0,0.57,night,21.71,0.0,0
174774,157,0.47,373733.0,335.7,1117.7,1184.8,1403647.1,0.003,TCP,1,1,1,0,0.0,6.0,0.56,night,33.57,0.0,0
165422,165,0.19,877002.7,874.8,1007.8,844.0,712395.9,0.0012,TCP,1,1,1,1,0.0,6.0,0.66,morning,87.48,0.0,0
210736,162,1.78,118427.6,91.0,1305.9,1174.3,1379009.7,0.0111,TCP,1,1,1,1,0.0,6.0,0.67,night,9.1,0.0,0
110185,111,0.15,757931.2,763.5,1004.6,1110.9,1234166.4,0.0013,TCP,1,1,1,1,0.0,6.0,0.54,morning,76.35,0.0,0
3426830,2261,0.97,3540987.9,2336.3,1516.4,1167.4,1362883.9,0.0004,TCP,1,1,1,1,0.0,6.0,0.72,evening,233.63,0.0,0
20800000,16961,17.59,1182355.3,964.1,1226.0,1719.0,2954974.3,0.001,TCP,1,1,1,0,0.0,6.0,0.48,night,96.41,0.0,0
289250,232,1.68,171955.5,137.9,1252.4,1210.7,1465806.9,0.0073,TCP,1,1,1,0,0.0,6.0,0.62,afternoon,13.79,0.0,0
195574,174,0.81,241030.1,214.4,1129.1,1158.5,1342193.0,0.0047,TCP,1,1,1,1,0.0,6.0,0.57,morning,21.44,0.0,0
57361,96,0.43,132582.4,221.9,605.7,769.2,591614.1,0.0046,TCP,1,1,1,1,0.0,6.0,0.47,night,22.19,0.0,0
213784,195,0.9,236560.5,215.8,1100.9,1118.4,1250923.2,0.0047,TCP,1,1,1,1,0.0,6.0,0.57,night,21.58,0.0,0
445207,408,0.25,1787362.6,1638.0,1095.5,676.2,457188.0,0.0006,TCP,1,1,1,1,0.0,6.0,0.75,evening,163.8,0.0,0
165422,169,0.22,763435.6,779.9,984.0,818.0,669101.7,0.0013,TCP,1,1,1,1,0.0,6.0,0.66,morning,77.99,0.0,0
2248865,2194,0.47,4791078.1,4674.2,1027.3,1144.2,1309087.9,0.0002,TCP,1,1,1,1,0.0,6.0,0.54,night,467.42,0.0,0
175618,217,0.39,450014.1,556.1,816.7,731.3,534836.4,0.0018,TCP,1,1,1,1,0.0,6.0,0.59,afternoon,55.61,0.0,0
185391,204,0.25,754106.3,829.8,912.9,759.6,577062.0,0.0012,TCP,1,1,1,1,0.0,6.0,0.63,night,82.98,0.0,0
4832962,4582,9.01,536111.8,508.3,1056.4,1329.4,1767249.9,0.002,TCP,1,1,1,1,0.0,6.0,0.46,night,50.83,0.0,0
2802874,2328,8.37,335051.8,278.3,1208.9,1241.0,1539974.5,0.0036,TCP,1,1,1,0,0.0,6.0,0.57,afternoon,27.83,0.0,0
422000000,338172,120.0,3516669.3,2818.1,1248.9,1240.6,1539009.2,0.0004,TCP,1,1,1,0,0.0,6.0,0.58,evening,281.81,0.0,0
354172,315,2.32,152498.8,135.6,1129.3,1146.6,1314780.7,0.0074,TCP,1,1,1,1,0.0,6.0,0.58,afternoon,13.56,0.0,0
1359791,1357,1.26,1075733.8,1073.5,1003.1,965.6,932358.0,0.0009,TCP,1,1,1,0,0.0,6.0,0.59,afternoon,107.35,0.0,0
165422,163,0.25,652341.3,642.8,1020.2,826.4,682947.1,0.0016,TCP,1,1,1,1,0.0,6.0,0.67,evening,64.28,0.0,0
352903,254,0.51,695117.9,500.3,1392.9,2001.3,4005095.6,0.002,TCP,1,1,1,1,0.0,6.0,0.41,morning,50.03,0.0,0
3497001,2839,9.0,388401.6,315.3,1232.0,1267.7,1606963.4,0.0032,TCP,1,1,1,1,0.0,6.0,0.56,night,31.53,0.0,0
2894579,2264,10.43,277431.1,217.0,1279.5,1401.4,1963843.2,0.0046,TCP,1,1,1,0,0.0,6.0,0.59,morning,21.7,0.0,0
1892411,1813,9.83,192500.1,184.4,1050.9,1250.7,1564162.9,0.0054,TCP,1,1,1,1,0.0,6.0,0.51,afternoon,18.44,0.0,0
677691,533,3.4,199359.0,156.8,1274.0,1229.4,1511504.4,0.0064,TCP,1,1,1,1,0.0,6.0,0.6,night,15.68,0.0,0
165422,174,0.18,929786.3,978.0,955.7,807.8,652485.1,0.001,TCP,1,1,1,1,0.0,6.0,0.64,morning,97.8,0.0,0
162577,149,1.3,124683.8,114.3,1095.0,977.1,954776.5,0.0088,TCP,1,1,1,1,0.0,6.0,0.65,morning,11.43,0.0,0
104393,116,0.14,732546.5,814.0,911.5,938.5,880690.7,0.0012,TCP,1,1,1,1,0.0,6.0,0.56,evening,81.4,0.0,0
4619772,3988,35.69,129456.6,111.8,1160.5,1062.8,1129526.3,0.009,TCP,1,1,1,1,0.0,6.0,0.62,evening,11.18,0.0,0
165422,203,0.44,372412.7,457.0,819.2,940.4,884377.3,0.0022,TCP,1,1,1,1,0.0,6.0,0.52,night,45.7,0.0,0
2429868,1930,12.58,193100.0,153.4,1261.0,1245.1,1550243.2,0.0065,TCP,1,1,1,1,0.0,6.0,0.59,afternoon,15.34,0.0,0
165443,168,0.26,647612.6,657.6,990.0,806.3,650135.5,0.0015,TCP,1,1,1,1,0.0,6.0,0.67,evening,65.76,0.0,0
1156939,1141,1.1,1048336.6,1033.9,1024.9,821.0,674055.5,0.001,TCP,1,1,1,1,0.0,6.0,0.64,night,103.39,0.0,0
203505,204,0.33,609378.5,610.9,1001.7,957.7,917123.1,0.0016,TCP,1,1,1,1,0.0,6.0,0.6,morning,61.09,0.0,0
165459,163,0.17,945961.1,931.9,1020.4,890.9,793641.2,0.0011,TCP,1,1,1,1,0.0,6.0,0.64,evening,93.19,0.0,0
110235,130,0.38,289891.5,341.9,854.5,733.4,537871.5,0.0029,TCP,1,1,1,1,0.0,6.0,0.6,morning,34.19,0.0,0
342075,267,0.37,935989.1,730.6,1285.7,1233.4,1521162.6,0.0014,TCP,1,1,1,1,0.0,6.0,0.64,afternoon,73.06,0.0,0
1634014,1445,1.58,1032736.3,913.3,1132.7,1075.4,1156555.9,0.0011,TCP,1,1,1,0,0.0,6.0,0.6,afternoon,91.33,0.0,0
211045,194,0.77,273407.3,251.3,1094.7,1185.1,1404481.7,0.004,TCP,1,1,1,1,0.0,6.0,0.56,morning,25.13,0.0,0
110808,118,0.21,528318.8,562.6,954.7,1092.4,1193357.5,0.0018,TCP,1,1,1,1,0.0,6.0,0.57,evening,56.26,0.0,0
252213,279,1.65,152821.5,169.1,906.4,850.5,723329.5,0.0059,TCP,1,1,1,1,0.0,6.0,0.62,evening,16.91,0.0,0
552924,507,0.24,2282725.3,2093.1,1092.3,876.7,768528.0,0.0005,TCP,1,1,1,1,0.0,6.0,0.67,afternoon,209.31,0.0,0
225892,268,1.68,134786.2,159.9,845.5,840.9,707182.6,0.0063,TCP,1,1,1,1,0.0,6.0,0.57,morning,15.99,0.0,0
463716,477,0.25,1890634.8,1944.8,975.9,773.9,598911.4,0.0005,TCP,1,1,1,1,0.0,6.0,0.64,night,194.48,0.0,0
218865,224,1.42,153796.7,157.4,981.7,818.3,669537.0,0.0064,TCP,1,1,1,1,0.0,6.0,0.65,afternoon,15.74,0.0,0
170399,155,0.29,595342.7,541.5,1104.5,1141.4,1302874.9,0.0019,TCP,1,1,1,1,0.0,6.0,0.59,morning,54.15,0.0,0
1863808,1533,6.11,305014.5,250.9,1218.3,1246.1,1552865.0,0.004,TCP,1,1,1,0,0.0,6.0,0.56,morning,25.09,0.0,0
193355,185,0.9,214076.1,204.8,1050.5,1017.8,1035970.6,0.0049,TCP,1,1,1,1,0.0,6.0,0.59,morning,20.48,0.0,0
137740,143,0.19,739774.0,768.0,967.6,1173.7,1377559.4,0.0013,TCP,1,1,1,1,0.0,6.0,0.49,afternoon,76.8,0.0,0
167305,172,1.03,162848.5,167.4,976.7,885.1,783322.8,0.006,TCP,1,1,1,0,0.0,6.0,0.63,afternoon,16.74,0.0,0
200840,180,0.46,441015.0,395.3,1122.6,1203.7,1448909.6,0.0025,TCP,1,1,1,1,0.0,6.0,0.57,evening,39.53,0.0,0
797570,633,0.54,1470953.3,1167.4,1261.0,1150.1,1322665.4,0.0009,TCP,1,1,1,1,0.0,6.0,0.63,afternoon,116.74,0.0,0
133827,129,0.27,490119.0,472.4,1045.8,1063.8,1131717.1,0.0021,TCP,1,1,1,1,0.0,6.0,0.58,night,47.24,0.0,0
110185,119,0.14,773005.7,834.8,937.2,965.1,931398.0,0.0012,TCP,1,1,1,1,0.0,6.0,0.57,night,83.48,0.0,0
128967,193,0.76,168851.6,252.7,672.8,714.3,510221.0,0.004,TCP,1,1,1,1,0.0,6.0,0.48,evening,25.27,0.0,0
175744,176,0.37,473833.8,474.5,1008.6,705.2,497247.3,0.0021,TCP,1,1,1,1,0.0,6.0,0.71,evening,47.45,0.0,0
224742,195,0.86,260729.4,226.2,1164.1,1222.4,1494193.6,0.0044,TCP,1,1,1,1,0.0,6.0,0.56,evening,22.62,0.0,0
388128,337,2.11,184277.8,160.0,1155.7,1127.8,1271874.1,0.0063,TCP,1,1,1,0,0.0,6.0,0.6,afternoon,16.0,0.0,0
2811090,2261,10.12,277900.9,223.5,1246.1,1229.5,1511692.9,0.0045,TCP,1,1,1,1,0.0,6.0,0.59,afternoon,22.35,0.0,0
409000000,335609,120.0,3408408.6,2796.8,1218.0,1204.6,1451091.9,0.0004,TCP,1,1,1,0,0.0,6.0,0.58,morning,279.68,0.0,0
314321,294,1.69,186015.4,174.0,1071.7,1029.6,1060000.8,0.0058,TCP,1,1,1,1,0.0,6.0,0.6,morning,17.4,0.0,0
126465,148,0.24,519359.2,607.8,864.4,712.1,507101.9,0.0017,TCP,1,1,1,1,0.0,6.0,0.62,morning,60.78,0.0,0
116813,128,0.17,686779.8,752.6,919.5,867.0,751667.4,0.0013,TCP,1,1,1,1,0.0,6.0,0.6,evening,75.26,0.0,0
838833,711,0.58,1449876.0,1228.9,1180.7,1078.4,1162896.8,0.0008,TCP,1,1,1,1,0.0,6.0,0.64,evening,122.89,0.0,0
1158919,994,10.9,106280.4,91.2,1166.7,1144.0,1308796.1,0.011,TCP,1,1,1,1,0.0,6.0,0.59,night,9.12,0.0,0
133973,129,0.28,470663.7,453.2,1044.7,1207.0,1456888.0,0.0022,TCP,1,1,1,1,0.0,6.0,0.54,afternoon,45.32,0.0,0
846847,900,0.49,1712085.2,1819.5,945.0,715.5,511940.6,0.0006,TCP,1,1,1,1,0.0,6.0,0.68,morning,181.95,0.0,0
165635,150,0.18,932955.2,844.9,1110.0,1110.3,1232784.9,0.0012,TCP,1,1,1,1,0.0,6.0,0.63,afternoon,84.49,0.0,0
165459,188,0.3,556097.4,631.9,884.7,981.4,963104.7,0.0016,TCP,1,1,1,1,0.0,6.0,0.53,night,63.19,0.0,0
7206266,6166,63.76,113023.6,96.7,1172.3,1184.3,1402654.7,0.0103,TCP,1,1,1,1,0.0,6.0,0.57,afternoon,9.67,0.0,0
212871,192,1.15,185721.7,167.5,1115.0,1075.0,1155655.6,0.006,TCP,1,1,1,1,0.0,6.0,0.64,afternoon,16.75,0.0,0
165422,163,0.18,940474.8,926.7,1020.2,810.7,657220.6,0.0011,TCP,1,1,1,1,0.0,6.0,0.67,morning,92.67,0.0,0
440348,350,0.29,1535629.8,1220.6,1263.5,1218.7,1485157.1,0.0008,TCP,1,1,1,1,0.0,6.0,0.62,evening,122.06,0.0,0
162032,184,1.5,108218.7,122.9,884.6,914.7,836599.1,0.0082,TCP,1,1,1,1,0.0,6.0,0.58,afternoon,12.29,0.0,0
770927,724,4.76,161901.9,152.0,1066.9,1160.5,1346710.3,0.0066,TCP,1,1,1,1,0.0,6.0,0.54,evening,15.2,0.0,0
133985,125,0.21,646964.2,603.6,1080.6,1256.2,1577922.3,0.0017,TCP,1,1,1,1,0.0,6.0,0.55,morning,60.36,0.0,0
118316,135,0.12,966255.1,1102.5,883.0,806.6,650637.2,0.0009,TCP,1,1,1,1,0.0,6.0,0.61,night,110.25,0.0,0
165385,168,0.48,341497.1,346.9,989.6,1314.7,1728501.3,0.0029,TCP,1,1,1,1,0.0,6.0,0.43,morning,34.69,0.0,0
11794,175,0.09,138355.8,2052.9,167.5,270.8,73315.5,0.0005,OTHER,1,1,1,0,0.0,5.6,0.49,night,205.29,0.0,0
490965,413,0.49,996381.5,838.2,1191.9,1004.1,1008160.6,0.0012,TCP,1,1,1,1,0.0,6.0,0.68,night,83.82,0.0,0
162577,132,0.92,175979.6,142.9,1236.0,1202.5,1445971.6,0.0071,TCP,1,1,1,1,0.0,6.0,0.61,night,14.29,0.0,0
214805,174,0.73,294253.8,238.4,1239.0,1085.8,1179003.6,0.0042,TCP,1,1,1,1,0.0,6.0,0.67,afternoon,23.84,0.0,0
117211,110,0.42,282221.2,264.9,1075.4,1250.3,1563304.7,0.0038,TCP,1,1,1,1,0.0,6.0,0.53,morning,26.49,0.0,0
231236,252,2.11,109550.6,119.4,920.4,965.1,931503.7,0.0084,TCP,1,1,1,1,0.0,6.0,0.58,morning,11.94,0.0,0
387225,329,1.73,224226.3,190.5,1181.9,1226.0,1503181.9,0.0053,TCP,1,1,1,1,0.0,6.0,0.58,evening,19.05,0.0,0
145476,139,1.2,121565.8,116.2,1053.8,1111.7,1235876.9,0.0087,TCP,1,1,1,1,0.0,6.0,0.55,morning,11.62,0.0,0
209517,190,0.66,315341.5,286.0,1109.7,1205.9,1454180.1,0.0035,TCP,1,1,1,1,0.0,6.0,0.56,afternoon,28.6,0.0,0
86533,108,0.27,315115.8,393.3,809.3,979.8,959919.2,0.0026,TCP,1,1,1,1,0.0,6.0,0.51,night,39.33,0.0,0
165385,167,0.18,925184.2,934.2,995.5,838.5,703121.1,0.0011,TCP,1,1,1,1,0.0,6.0,0.65,night,93.42,0.0,0
504789,310,1.01,498968.0,306.4,1632.1,1959.2,3838469.1,0.0033,TCP,1,1,1,1,0.0,6.0,0.5,evening,30.64,0.0,0
499475,329,0.91,550379.6,362.5,1523.3,1245.0,1549975.9,0.0028,TCP,1,1,1,1,0.0,6.0,0.71,afternoon,36.25,0.0,0
105841,112,0.19,567847.0,600.9,957.0,1049.2,1100853.1,0.0017,TCP,1,1,1,1,0.0,6.0,0.54,evening,60.09,0.0,0
165422,175,0.18,909851.9,962.5,950.2,865.9,749736.4,0.001,TCP,1,1,1,1,0.0,6.0,0.62,morning,96.25,0.0,0
8277162,7253,49.45,167376.9,146.7,1143.5,1199.4,1438490.6,0.0068,TCP,1,1,1,0,0.0,6.0,0.54,afternoon,14.67,0.0,0
3037662,2950,0.7,4348369.2,4222.9,1031.7,1209.5,1462932.3,0.0002,TCP,1,1,1,1,0.0,6.0,0.5,morning,422.29,0.0,0
31500000,25504,43.34,726759.7,588.4,1235.6,1134.2,1286467.2,0.0017,TCP,1,1,1,1,0.0,6.0,0.63,night,58.84,0.0,0
1010943,715,1.54,656898.4,464.6,1415.0,1162.0,1350331.6,0.0022,TCP,1,1,1,0,0.0,6.0,0.69,night,46.46,0.0,0
165459,177,0.28,601537.8,643.5,939.7,1200.4,1440984.4,0.0016,TCP,1,1,1,1,0.0,6.0,0.5,evening,64.35,0.0,0
193031,165,0.82,234231.9,200.2,1176.2,1217.1,1481297.4,0.005,TCP,1,1,1,1,0.0,6.0,0.56,afternoon,20.02,0.0,0
95373,110,0.12,768727.9,886.6,875.7,1101.1,1212422.1,0.0011,TCP,1,1,1,1,0.0,6.0,0.51,evening,88.66,0.0,0
204542,213,0.57,358651.8,373.5,971.4,712.7,507970.4,0.0027,TCP,1,1,1,1,0.0,6.0,0.67,night,37.35,0.0,0
755683,643,0.55,1362890.0,1159.7,1176.2,1169.0,1366669.3,0.0009,TCP,1,1,1,1,0.0,6.0,0.58,evening,115.97,0.0,0
386921,291,0.34,1138093.3,856.0,1337.2,1134.8,1287768.2,0.0012,TCP,1,1,1,1,0.0,6.0,0.69,afternoon,85.6,0.0,0
165422,180,0.24,692939.6,754.0,923.9,854.2,729726.9,0.0013,TCP,1,1,1,1,0.0,6.0,0.61,afternoon,75.4,0.0,0
147984,173,0.26,563512.4,658.8,860.1,716.1,512774.2,0.0015,TCP,1,1,1,1,0.0,6.0,0.63,evening,65.88,0.0,0
144833,150,0.24,607177.1,628.8,969.6,1137.3,1293359.5,0.0016,TCP,1,1,1,1,0.0,6.0,0.53,night,62.88,0.0,0
4832353,4591,34.32,140820.4,133.8,1054.1,1268.7,1609632.4,0.0075,TCP,1,1,1,1,0.0,6.0,0.46,afternoon,13.38,0.0,0
131000000,107859,96.36,1359549.6,1119.4,1211.5,1191.9,1420639.9,0.0009,TCP,1,1,1,0,1.0,6.0,0.59,evening,111.94,0.0,0
412122,258,0.31,1314206.4,822.7,1599.3,1148.1,1318162.4,0.0012,TCP,1,1,1,0,0.0,6.0,0.76,morning,82.27,0.0,0
159531,172,1.23,129897.3,140.1,932.8,722.5,522067.2,0.0072,TCP,1,1,1,1,0.0,6.0,0.67,night,14.01,0.0,0
63072,84,0.36,177077.0,235.8,761.2,1206.7,1456128.1,0.0043,TCP,1,1,1,1,0.0,6.0,0.39,morning,23.58,0.0,0
160809,148,0.89,180003.7,165.7,1093.5,1197.7,1434534.1,0.0061,TCP,1,1,1,1,0.0,6.0,0.55,morning,16.57,0.0,0
